palabra,cant,flag,agrupado
AMBIENTES,295,0,
TIPO,4014,0,
CASA,671,0,
PLANTA,3381,0,
BAJA,473,0,
POR,3420,0,
PASILLO,3264,0,
NUEVO,3122,0,
PATIO,3269,0,
GRANDE,2328,0,
CON,927,0,
LAVADERO,2710,1,LAVADERO
LIVING,2759,0,
COMEDOR,843,0,
COCINA,782,0,
INTEGRADA,2521,0,
ARTEFACTO,410,0,
DE,1257,0,
ALACENA,260,0,
BANO,518,0,
COMPLETO,901,0,
DORMITORIO,1729,0,
TODO,4038,0,
EN,1895,0,
EXCELENTE,2152,0,
ESTADO,2113,0,
PARA,3206,0,
NO,3079,0,
ES,2055,0,
APTO,386,0,
CREDITO,1180,0,
AVISO,454,0,
PUBLICADO,3569,0,
PIXEL,3357,0,
INMOBILIARIO,2488,0,
SERVICIO,3811,0,
PAGINAS,3194,0,
WEB,4323,0,
INMOBILIARIAS,2485,0,
TIPO CASA,4015,0,
PLANTA BAJA,3386,1,PLANTA BAJA
GRANDE CON,2329,0,
CON LAVADERO,999,0,
LIVING COMEDOR,2763,0,
COMEDOR CON,855,0,
CON COCINA,959,0,
COCINA INTEGRADA,811,0,
ARTEFACTO DE,411,0,
DE COCINA,1320,0,
BANO COMPLETO,523,0,
COMPLETO DORMITORIO,907,0,
TODO EN,4041,0,
EN EXCELENTE,1940,0,
EXCELENTE ESTADO,2161,0,
NO ES,3091,0,
ES APTO,2056,0,
APTO CREDITO,387,1,APTO CREDITO
AVISO PUBLICADO,463,0,
PUBLICADO POR,3570,0,
POR PIXEL,3441,0,
PIXEL INMOBILIARIO,3358,0,
INMOBILIARIO SERVICIO,2489,0,
SERVICIO DE,3814,0,
DE PAGINAS,1449,0,
PAGINAS WEB,3195,0,
WEB PARA,4324,0,
PARA INMOBILIARIAS,3217,0,
LIVING COMEDOR CON,2768,0,
COMEDOR CON COCINA,857,0,
CON COCINA INTEGRADA,960,0,
ARTEFACTO DE COCINA,412,0,
BANO COMPLETO DORMITORIO,527,0,
EN EXCELENTE ESTADO,1941,0,
NO ES APTO,3092,0,
ES APTO CREDITO,2057,0,
AVISO PUBLICADO POR,464,0,
PUBLICADO POR PIXEL,3571,0,
POR PIXEL INMOBILIARIO,3442,0,
PIXEL INMOBILIARIO SERVICIO,3359,0,
INMOBILIARIO SERVICIO DE,2490,0,
SERVICIO DE PAGINAS,3815,0,
DE PAGINAS WEB,1450,0,
PAGINAS WEB PARA,3196,0,
WEB PARA INMOBILIARIAS,4325,0,
VENTA,4229,0,
DEPARTAMENTO,1587,0,
PISO,3330,0,
AL,226,0,
FRENTE,2252,0,
ESTRENAR,2141,1,A ESTRENAR
VENTANALES,4253,0,
HACIA,2358,0,
EL,1821,0,
BALCON,493,1,BALCON
PISOS,3346,0,
MADERA,2867,0,
COMPLETA,898,0,
DOBLE,1713,0,
MESADA,2955,0,
MUEBLES,3026,0,
BAJO,483,0,
SEPARADO,3799,0,
TOILETTE,4049,1,TOILETTE
PLACARD,3361,0,
SEGUNDO,3779,0,
CALEFACCION,610,0,
CORRIDO,1165,0,
POSIBILIDAD,3468,0,
COCHERA,763,1,COCHERA
SEMICUBIERTA,3792,0,
20,45,0,
0,1,0,
VENTA DE,4234,0,
DE DEPARTAMENTO,1337,0,
DEPARTAMENTO EN,1608,0,
PISO AL,3331,0,
AL FRENTE,242,0,
CON VENTANALES,1072,0,
HACIA EL,2359,0,
BALCON CON,500,0,
CON PISOS,1024,0,
PISOS DE,3349,0,
DE MADERA,1432,0,
COCINA COMPLETA,795,0,
COMPLETA CON,899,0,
CON DOBLE,970,0,
MUEBLES BAJO,3027,0,
BAJO MESADA,484,0,
LAVADERO SEPARADO,2720,0,
DORMITORIO CON,1735,0,
CON PLACARD,1028,0,
SEGUNDO DORMITORIO,3780,0,
CALEFACCION POR,613,0,
COMPLETO BALCON,902,0,
BALCON CORRIDO,502,0,
POSIBILIDAD DE,3469,0,
DE COCHERA,1318,0,
COCHERA SEMICUBIERTA,774,1,COCHERA
VENTA DE DEPARTAMENTO,4236,0,
PISO AL FRENTE,3332,0,
CON PISOS DE,1026,0,
PISOS DE MADERA,3351,1,PISOS DE MADERA
COCINA COMPLETA CON,796,0,
MUEBLES BAJO MESADA,3028,1,MUEBLES BAJO MESADA
DORMITORIO CON PLACARD,1737,0,
3ER,108,0,
LATERAL,2707,0,
AMPLIO,331,0,
SEPARADA,3797,0,
BAJAS,481,0,
EXPENSAS,2180,0,
UBICACION,4106,0,
COMEDOR AMPLIO,844,0,
AMPLIO COCINA,334,0,
COCINA SEPARADA,819,0,
SEPARADA CON,3798,0,
LAVADERO BANO,2711,0,
BAJAS EXPENSAS,482,1,BAJAS EXPENSAS
EXCELENTE UBICACION,2164,1,EXCELENTE UBICACION
LIVING COMEDOR AMPLIO,2764,0,
COCINA SEPARADA CON,820,0,
COMPLETO DORMITORIO CON,908,0,
PH,3307,1,PH
HAY,2370,0,
DEPTOS,1645,0,
LOTE,2832,0,
PB,3279,0,
1O,43,0,
RECICLADO,3649,1,RECICLADO
MUY,3040,0,
BUEN,581,0,
PH AMBIENTES,3309,0,
AMBIENTES CON,299,0,
CON PATIO,1017,0,
EN LOTE,1956,0,
EN PB,1966,0,
1O PISO,44,0,
RECICLADO NUEVO,3650,0,
MUY BUEN,3044,0,
BUEN ESTADO,582,0,
MUY BUEN ESTADO,3045,0,
ILUMINACION,2422,0,
NATURAL,3067,0,
CONTRAFRENTE,1142,0,
EDIFICIO,1805,0,
POCAS,3407,0,
UNIDADES,4184,0,
BIEN,567,0,
ORIGINAL,3177,0,
POSEE,3460,0,
DORMITORIOS,1744,0,
DEPARTAMENTO CON,1596,0,
AL CONTRAFRENTE,234,0,
EDIFICIO DE,1809,0,
MUY BIEN,3043,0,
DORMITORIOS BANO,1746,0,
COMEDOR COCINA,849,0,
DORMITORIOS BANO COMPLETO,1747,0,
LIVING COMEDOR COCINA,2767,0,
COMEDOR COCINA SEPARADA,854,0,
DEL,1553,0,
BARRIO,555,0,
UBICADA,4112,0,
SUR,3941,0,
ESTE,2127,0,
SOBRE,3843,0,
CALLE,629,0,
CASI,695,0,
VISTA,4302,0,
LIBRE,2741,0,
TERRENO,4006,0,
CONSTA,1099,0,
DOS,1773,0,
INTEGRADO,2527,0,
ALUMINIO,281,0,
PRIVADO,3516,0,
PUERTA,3583,0,
ACCESO,176,0,
REJAS,3656,0,
PEQUENO,3291,0,
VERDE,4260,0,
GAS,2297,0,
LA,2582,0,
AIRE,216,0,
ACONDICIONADO,186,0,
FRIO,2267,0,
CALOR,633,0,
BAULERA,561,1,BAULERA
GUARDADO,2344,0,
GENERAL,2302,0,
REVESTIMIENTOS,3692,0,
PINTURA,3324,0,
ETC,2151,0,
CASA EN,685,0,
EN EL,1929,0,
DEL BARRIO,1554,0,
UBICADA EN,4113,0,
SOBRE CALLE,3848,0,
CONSTA DE,1100,0,
DE DOS,1349,0,
DOS DORMITORIOS,1783,0,
LIVING COCINA,2761,0,
COCINA COMEDOR,788,0,
LAVADERO CON,2712,0,
EN ALUMINIO,1898,0,
PUERTA DE,3584,0,
DE ACCESO,1269,0,
ACCESO DE,178,0,
DE SERVICIO,1487,0,
FRENTE CON,2255,0,
CON REJAS,1044,0,
PATIO CON,3270,0,
GAS NATURAL,2298,0,
EN LA,1946,0,
LA PUERTA,2645,0,
AIRE ACONDICIONADO,217,1,AIRE ACONDICIONADO
ACONDICIONADO FRIO,188,0,
FRIO CALOR,2268,0,
DE PISOS,1458,0,
UBICADA EN EL,4114,0,
DE DOS DORMITORIOS,1351,0,
DOS DORMITORIOS BANO,1784,0,
LIVING COCINA COMEDOR,2762,0,
AIRE ACONDICIONADO FRIO,219,0,
ACONDICIONADO FRIO CALOR,189,0,
ENTRADA,2022,0,
INDEPENDIENTE,2444,0,
SIN,3834,0,
PINOTEA,3322,0,
GALPON,2290,0,
INMEJORABLE,2480,0,
CUADRA,1190,0,
ESTACION,2109,0,
CERCA,723,0,
MAS,2902,0,
LINEAS,2749,0,
COLECTIVOS,832,0,
CUADRAS,1196,0,
CENTRO,712,0,
M2,2858,0,
TOTALES,4065,0,
CUBIERTOS,1223,0,
28,85,0,
PROFESIONAL,3522,0,
PH AL,3308,0,
CON ENTRADA,978,0,
ENTRADA INDEPENDIENTE,2027,1,ENTRADA INDEPENDIENTE
SIN EXPENSAS,3835,1,SIN EXPENSAS
EN PLANTA,1970,0,
DE PINOTEA,1455,1,PISOS DE PINOTEA
COMEDOR BANO,847,0,
BANO PATIO,540,0,
LAVADERO EN,2716,0,
INMEJORABLE UBICACION,2481,1,EXCELENTE UBICACION
CUADRA DE,1191,0,
DE LA,1398,0,
LA ESTACION,2606,0,
ESTACION DE,2110,0,
CERCA DE,724,0,
MAS DE,2903,0,
LINEAS DE,2750,0,
DE COLECTIVOS,1324,0,
CUADRAS DEL,1200,0,
DEL CENTRO,1555,0,
M2 TOTALES,2865,0,
M2 CUBIERTOS,2861,0,
AL FRENTE CON,244,0,
CON ENTRADA INDEPENDIENTE,979,1,ENTRADA INDEPENDIENTE
EN PLANTA BAJA,1972,1,PLANTA BAJA
COCINA COMEDOR BANO,789,0,
CUADRA DE LA,1193,0,
DE LA ESTACION,1406,0,
LA ESTACION DE,2607,0,
LINEAS DE COLECTIVOS,2752,0,
CUADRAS DEL CENTRO,1201,0,
MONOAMBIENTE,3008,1,MONOAMBIENTE
SUPER,3932,0,
LUMINOSO,2849,0,
ALTO,276,0,
AMERICANA,318,0,
PILETA,3316,0,
SOLARIUM,3862,1,SOLARIUM
LAUNDRY,2709,1,LAUNDRY
AV,439,0,
LIBERTADOR,2740,0,
BUENA,584,0,
ZONA,4333,0,
MONOAMBIENTE ESTRENAR,3011,0,
SUPER LUMINOSO,3933,0,
PISO ALTO,3333,0,
COCINA AMERICANA,783,0,
PILETA SOLARIUM,3321,0,
AV DEL,442,0,
DEL LIBERTADOR,1570,0,
MUY BUENA,3046,0,
AV DEL LIBERTADOR,443,0,
DOS AMBIENTES,1774,0,
AMBIENTES ESTRENAR,307,0,
UNA,4164,0,
SECTOR,3774,0,
SERVICIOS,3817,0,
VIVIENDA,4320,0,
TOTALMENTE,4066,0,
UNA CUADRA,4168,0,
BAJA CON,474,0,
UNA CUADRA DE,4169,0,
HERMOSA,2375,0,
TERMINAR,3996,0,
TECHO,3973,0,
ESCRITURA,2079,0,
METROS,2968,0,
HERMOSA CASA,2376,0,
DE DORMITORIOS,1346,0,
TECHO DE,3974,0,
MADERA CON,2868,0,
LOTE DE,2833,0,
DE MADERA CON,1433,0,
JARDIN,2558,0,
DESNIVEL,1667,0,
TOILLETE,4057,0,
GALERIA,2285,0,
DEPTO,1641,0,
AMBIENTE,291,0,
ENTRADA DE,2024,0,
EN DESNIVEL,1919,0,
DORMITORIOS CON,1751,0,
PLACARD BANO,3362,0,
AMBIENTE CON,292,0,
COCINA BANO,786,0,
DORMITORIOS CON PLACARD,1754,0,
CON PLACARD BANO,1029,0,
PULMON,3596,0,
MANZANA,2879,0,
SOLO,3867,0,
MEDIA,2923,0,
SANTA,3743,0,
FE,2204,0,
30,89,0,
80,153,0,
60,143,0,
55,140,0,
11,18,0,
13,24,0,
AIRES,222,0,
ACONDICIONADOS,191,0,
NUEVOS,3123,0,
TERRAZA,3999,1,TERRAZA
TOTAL,4063,0,
35,99,0,
39,107,0,
22,53,0,
EXCELENTE DEPARTAMENTO,2159,0,
DEPARTAMENTO AMBIENTES,1591,0,
CONTRAFRENTE CON,1143,0,
CON BALCON,941,1,BALCON
PULMON DE,3597,0,
DE MANZANA,1436,0,
MEDIA CUADRA,2924,0,
LA AV,2585,0,
AV SANTA,447,0,
SANTA FE,3744,0,
AIRES ACONDICIONADOS,223,1,AIRE ACONDICIONADO
MEDIA CUADRA DE,2925,0,
DE LA AV,1400,0,
AV SANTA FE,448,0,
TORRE,4060,0,
BANOS,543,0,
OFRECE,3152,0,
ULTIMO,4126,0,
NIVEL,3077,0,
PISCINA,3325,1,PILETA
UN,4128,0,
ESPACIO,2080,0,
SALA,3712,0,
USO,4204,0,
SAUNA,3747,1,SAUNA
GIMNASIO,2308,1,GIMNASIO
SALON,3727,0,
USOS,4206,0,
MULTIPLES,3034,0,
AMPLIA,323,0,
EXPANSION,2179,0,
CUENTA,1226,0,
HALL,2361,0,
ALTURA,279,0,
ESTAR,2119,0,
QUE,3600,0,
MISMO,2984,0,
PRIMER,3499,0,
ASI,426,0,
DESTACA,1669,0,
ESPACIOS,2084,0,
COMUN,922,0,
PROPIO,3558,0,
LOS,2802,0,
PROPIOS,3560,0,
PUEDEN,3578,0,
TODOS,4042,0,
DIFERENTES,1687,0,
CON TERRAZA,1059,1,TERRAZA
DOS BANOS,1778,0,
EL ULTIMO,1876,0,
PISCINA CON,3327,1,PILETA
CON SOLARIUM,1054,1,SOLARIUM
UN ESPACIO,4145,0,
SALA DE,3713,0,
PARA USO,3230,0,
CON UN,1064,0,
UN AMPLIO,4130,0,
SALON DE,3728,0,
DE USOS,1526,0,
USOS MULTIPLES,4207,0,
UNA AMPLIA,4165,0,
CUENTA CON,1227,0,
UN HALL,4147,0,
EN DOBLE,1920,0,
DOBLE ALTURA,1714,0,
AMPLIO ESTAR,337,0,
EL PRIMER,1863,0,
PRIMER PISO,3501,0,
ESPACIOS DE,2086,0,
DE USO,1524,0,
USO COMUN,4205,0,
SOBRE EL,3849,0,
DE TODOS,1504,0,
TODOS LOS,4044,0,
CON UN AMPLIO,1065,0,
SALON DE USOS,3729,0,
DE USOS MULTIPLES,1527,0,
CUENTA CON UN,1232,0,
EN DOBLE ALTURA,1921,0,
DE USO COMUN,1525,0,
DE TODOS LOS,1505,0,
II,2421,0,
UNICO,4181,0,
DIVISIBLE,1711,0,
ULTIMA,4124,0,
UNIDAD,4182,0,
BOULEVARD,577,0,
COMPLEJO,894,0,
RESIDENCIAL,3673,1,RESIDENCIAL
CASAS,693,0,
DENTRO,1583,0,
CERRADO,730,0,
BUENOS,589,0,
TODAS,4034,0,
LAS,2673,0,
TIENEN,4012,0,
AUTO,433,0,
CUENTAN,1234,0,
EXCLUSIVO,2174,0,
ALTA,271,0,
UNO,4192,0,
SUITE,3906,0,
ESTRUCTURA,2145,0,
HORMIGON,2397,0,
ARMADO,402,0,
ABERTURAS,168,0,
PVC,3599,0,
DVH,1803,0,
CALIDAD,620,0,
CONSTRUCCION,1109,0,
LO,2781,0,
MODERNO,2993,0,
FUNCIONAL,2275,0,
SON,3873,0,
AMPLIAS,330,0,
SUPERFICIES,3938,0,
VIVIR,4322,0,
MOMENTO,3005,0,
PERMITE,3298,0,
MEJOR,2942,0,
CIRCULACION,750,0,
INTERNA,2539,0,
VEHICULOS,4223,0,
EXCELENTES,2167,0,
ACCESOS,182,0,
AUTOPISTA,437,0,
OTRA,3179,0,
ID,2412,0,
ES UN,2071,0,
RESIDENCIAL DE,3674,0,
DE 20,1261,0,
CON COCHERA,956,1,COCHERA
DENTRO DEL,1585,0,
BARRIO CERRADO,556,1,BARRIO CERRADO
BUENOS AIRES,590,0,
TODAS LAS,4035,0,
LAS UNIDADES,2704,0,
ENTRADA PARA,2030,0,
PARA AUTO,3209,0,
CUENTAN CON,1235,0,
UN TOILETTE,4161,1,TOILETTE
TOILETTE LIVING,4056,0,
PLANTA ALTA,3382,0,
ALTA DORMITORIOS,273,0,
CON ESPACIO,980,0,
ESPACIO PARA,2082,0,
UNO EN,4198,0,
EN SUITE,1983,0,
EN UNA,2000,0,
DE HORMIGON,1385,0,
ABERTURAS DE,169,0,
DE PVC,1479,0,
CON DVH,976,0,
CALIDAD DE,623,0,
LA CONSTRUCCION,2596,0,
POR LO,3430,0,
EN TODO,1993,0,
EL BARRIO,1824,0,
CON UNA,1067,0,
LO QUE,2784,0,
PARA LOS,3220,0,
ES POR,2066,0,
POR LA,3428,0,
LA CALLE,2587,0,
TODAS LAS UNIDADES,4037,0,
EN PLANTA ALTA,1971,0,
PLANTA ALTA DORMITORIOS,3384,0,
CON ESPACIO PARA,981,0,
UNO EN SUITE,4199,0,
DE LA CONSTRUCCION,1404,0,
CUENTA CON UNA,1233,0,
DUPLEX,1800,1,DUPLEX
AMB,286,0,
TOILETE,4048,1,TOILETTE
DIARIO,1680,0,
PARQUE,3239,1,PISOS DE PARQUET
PARRILLA,3246,1,PARRILLA
PRINCIPAL,3507,0,
VESTIDOR,4266,1,VESTIDOR
LUZ,2857,0,
SOL,3860,0,
ALBERDI,265,0,
LISTO,2757,0,
YA,4327,0,
MEDIDAS,2928,0,
APROXIMADAS,378,0,
EFECTO,1815,0,
ORIENTATIVO,3174,0,
REALES,3632,0,
SURGIRAN,3948,0,
TITULO,4023,0,
PROPIEDAD,3527,0,
DE AUTO,1293,0,
COMEDOR DIARIO,863,1,COMEDOR DIARIO
CON PARRILLA,1013,1,PARRILLA
DORMITORIO PRINCIPAL,1741,0,
PRINCIPAL EN,3512,0,
SUITE VESTIDOR,3913,0,
METROS DE,2970,0,
DE AV,1295,0,
LISTO PARA,2758,0,
PARA VIVIR,3233,0,
LAS MEDIDAS,2691,0,
MEDIDAS SON,2933,0,
SON APROXIMADAS,3874,0,
APROXIMADAS AL,379,0,
AL SOLO,258,0,
SOLO EFECTO,3869,1,SOLO EFECTIVO
EFECTO ORIENTATIVO,1816,0,
ORIENTATIVO LAS,3175,0,
MEDIDAS REALES,2931,0,
REALES SURGIRAN,3633,0,
SURGIRAN DEL,3950,0,
DEL TITULO,1581,0,
TITULO DE,4024,0,
DE PROPIEDAD,1475,0,
ENTRADA DE AUTO,2025,0,
COCINA COMEDOR DIARIO,791,0,
PLACARD BANO COMPLETO,3363,0,
DORMITORIO PRINCIPAL EN,1743,0,
PRINCIPAL EN SUITE,3513,0,
EN SUITE VESTIDOR,1986,0,
METROS DE AV,2971,0,
LAS MEDIDAS SON,2693,0,
MEDIDAS SON APROXIMADAS,2934,0,
SON APROXIMADAS AL,3875,0,
APROXIMADAS AL SOLO,380,0,
AL SOLO EFECTO,259,0,
SOLO EFECTO ORIENTATIVO,3870,0,
EFECTO ORIENTATIVO LAS,1817,0,
ORIENTATIVO LAS MEDIDAS,3176,0,
LAS MEDIDAS REALES,2692,0,
MEDIDAS REALES SURGIRAN,2932,0,
REALES SURGIRAN DEL,3634,0,
SURGIRAN DEL TITULO,3951,0,
DEL TITULO DE,1582,0,
TITULO DE PROPIEDAD,4025,0,
PROPIA,3526,0,
LAGO,2667,0,
HACE,2356,0,
TAMBIEN,3963,0,
GRAN,2320,0,
JACUZZI,2556,1,JACUZZI
FIJA,2218,0,
SANITARIOS,3740,0,
GRIFERIAS,2338,0,
PRIMERA,3503,0,
LINEA,2746,0,
DISENO,1697,0,
MESADAS,2963,0,
MARMOL,2893,0,
GRANITO,2332,0,
PORCELANATO,3451,1,PISOS DE PORCELANATTO
ESPEJOS,2093,0,
ACCESORIOS,181,0,
INSTALADOS,2520,0,
ACERO,184,0,
INOXIDABLE,2512,0,
MONO,3006,0,
PROYECTO,3566,0,
ANAFE,354,0,
HORNO,2399,0,
ELECTRICOS,1882,0,
AMBIENTES EN,305,0,
EN UN,1999,0,
PISO CON,3335,0,
TERRAZA PROPIA,4004,1,TERRAZA
LA PLANTA,2632,0,
CON VISTA,1077,0,
VISTA AL,4304,0,
AL LAGO,250,0,
EL SEGUNDO,1873,0,
PLACARD CON,3365,0,
BALCON EN,505,0,
UNA GRAN,4173,0,
GRAN TERRAZA,2327,1,TERRAZA
COCHERA FIJA,770,1,COCHERA
DE PRIMERA,1471,0,
MESADAS DE,2964,0,
DE MARMOL,1439,0,
REVESTIMIENTOS DE,3693,0,
DE PORCELANATO,1465,0,
DE GRANITO,1381,0,
GRANITO CON,2333,0,
DE ACERO,1270,0,
ACERO INOXIDABLE,185,1,ACERO INOXIDABLE
ANAFE HORNO,356,0,
CON VISTA AL,1079,0,
VISTA AL LAGO,4307,0,
CON PLACARD CON,1031,0,
EN LA PLANTA,1949,0,
LA PLANTA ALTA,2633,0,
MESADAS DE GRANITO,2965,1,MESADA DE GRANITO
DE ACERO INOXIDABLE,1271,1,ACERO INOXIDABLE
GOLF,2312,0,
SAN,3730,0,
ISIDRO,2552,0,
FAMILY,2200,0,
ESCRITORIO,2077,0,
DEPENDENCIA,1630,0,
CUBIERTA,1215,0,
SEMI,3789,0,
MASTER,2907,0,
DUCHA,1796,0,
TRES,4097,0,
PLACAR,3360,0,
BLANCO,571,0,
LOSA,2830,0,
RADIANTE,3624,0,
ESPEJO,2092,0,
AGUA,209,0,
40,110,0,
CASA SOBRE,692,0,
SOBRE LOTE,3852,0,
EN BARRIO,1902,0,
BARRIO SAN,559,0,
SAN ISIDRO,3732,0,
AMPLIO LIVING,341,0,
COMEDOR EN,869,0,
TOILETTE COCINA,4050,0,
LAVADERO DEPENDENCIA,2714,1,LAVADERO
DEPENDENCIA DE,1632,0,
GALERIA CUBIERTA,2288,1,GALERIA CUBIERTA
SEMI CUBIERTA,3790,0,
MASTER SUITE,2908,0,
SUITE CON,3908,0,
CON DUCHA,975,0,
TRES DORMITORIOS,4100,0,
LOS PISOS,2821,0,
SON DE,3878,0,
LOSA RADIANTE,2831,1,LOSA RADIANTE
EN TODOS,1995,0,
LOS AMBIENTES,2805,0,
DE AGUA,1272,0,
DE 40,1264,0,
AMPLIO LIVING COMEDOR,342,0,
LIVING COMEDOR EN,2772,0,
LAVADERO DEPENDENCIA DE,2715,0,
DEPENDENCIA DE SERVICIO,1633,0,
MASTER SUITE CON,2909,0,
EN TODOS LOS,1996,0,
TODOS LOS AMBIENTES,4045,0,
SEMIPISO,3794,0,
CONTRA,1138,0,
ESPECTACULAR,2091,0,
ARBOLES,394,0,
RECICLADA,3648,0,
ANOS,360,0,
BUENAS,587,0,
DIMENSIONES,1688,0,
SALIDA,3719,0,
ATERRAZADO,431,0,
CHICO,740,0,
LINDA,2743,0,
PARQUET,3243,0,
PERSIANAS,3302,0,
PAREDES,3237,0,
DETALLES,1673,0,
PERO,3300,0,
FUE,2271,0,
PLANO,3375,0,
IMPECABLE,2427,0,
AL CONTRA,232,0,
CONTRA FRENTE,1139,1,CONTRA FRENTE
FRENTE EN,2260,0,
MUY LUMINOSO,3057,0,
LUMINOSO CON,2850,0,
EDIFICIO CON,1806,0,
HALL DE,2362,0,
DE ENTRADA,1357,0,
ENTRADA LIVING,2028,0,
COMEDOR DE,862,0,
DE MUY,1442,0,
MUY BUENAS,3049,0,
CON SALIDA,1048,0,
SALIDA AL,3720,0,
AL BALCON,227,0,
BALCON ATERRAZADO,496,0,
TOILETTE DE,4053,0,
CON VESTIDOR,1075,1,VESTIDOR
MUY LINDA,3053,0,
COCINA CON,798,0,
CON MUEBLES,1007,0,
DE PARQUET,1454,0,
DETALLES DE,1674,0,
BUENA CALIDAD,585,0,
LA UNIDAD,2654,0,
AL CONTRA FRENTE,233,1,CONTRA FRENTE
MUY LUMINOSO CON,3058,0,
HALL DE ENTRADA,2365,0,
DE ENTRADA LIVING,1359,0,
ENTRADA LIVING COMEDOR,2029,0,
LIVING COMEDOR DE,2769,0,
CON SALIDA AL,1049,0,
SALIDA AL BALCON,3721,0,
COCINA CON MUEBLES,804,0,
PISOS DE PARQUET,3352,1,PISOS DE PARQUET
MUY BUENA CALIDAD,3047,0,
CUATRO,1213,0,
OTRO,3181,0,
CUARTO,1210,0,
HERRAMIENTAS,2382,0,
DORMITORIOS UNO,1770,0,
UNO CON,4193,0,
CON BANO,948,0,
BANO EN,537,0,
UN BANO,4134,0,
OTRO BANO,3182,0,
CUARTO DE,1211,0,
DE HERRAMIENTAS,1383,0,
AMPLIO PARQUE,344,0,
CON BANO EN,950,0,
BANO EN SUITE,538,0,
MEDIOS,2938,0,
TRANSPORTE,4084,0,
PATIOS,3276,0,
EXCELENTE ZONA,2166,0,
MEDIOS DE,2939,0,
DE TRANSPORTE,1508,0,
CUADRAS DE,1197,0,
MEDIOS DE TRANSPORTE,2940,0,
CUADRAS DE AV,1198,0,
PLANTAS,3391,0,
RECEPCION,3642,0,
1000,17,0,
PA,3190,0,
CUALES,1206,0,
COMPLETOS,914,0,
ABIERTA,171,0,
DESDE,1664,0,
TODA,4031,0,
LUMINOSA,2847,0,
HERMOSO,2379,0,
HOGAR,2387,0,
LENA,2732,0,
SE,3748,0,
ENCUENTRA,2014,0,
ENTREGA,2036,0,
INCLUYE,2438,0,
MOBILIARIO,2989,0,
INFRAESTRUCTURA,2469,0,
ENTORNO,2021,0,
RODEADO,3702,0,
VERDES,4261,0,
HECTAREAS,2372,0,
ESTAN,2117,0,
LOTES,2837,0,
SUPERFICIE,3934,0,
LUGAR,2842,0,
CAMPO,642,0,
TENIS,3987,0,
FUTBOL,2280,0,
ELECTRICIDAD,1880,0,
TELEFONIA,3980,0,
INTERNET,2540,0,
CUMPLIMIENTO,1238,0,
LEY,2733,0,
2340,58,0,
CUCICBA,1224,0,
10,15,0,
PROV,3564,0,
BS,578,0,
AS,416,0,
NACIONAL,3063,0,
25,77,0,
28,7,0,
802,155,0,
LEALTAD,2723,0,
COMERCIAL,874,0,
24,64,0,
240,70,0,
DEFENSA,1546,0,
CONSUMIDOR,1126,0,
NORMAS,3102,0,
CODIGO,823,0,
CIVIL,753,0,
NACION,3060,0,
CONSTITUCIONALES,1106,0,
AGENTES,205,0,
EJERCEN,1818,0,
CORRETAJE,1162,0,
OPERACIONES,3162,0,
OBJETO,3129,0,
INTERMEDIACION,2536,0,
CONCLUSION,1082,0,
PARTE,3256,0,
MARTILLEROS,2896,0,
CORREDORES,1155,0,
COLEGIADOS,833,0,
CUYOS,1247,0,
DATOS,1252,0,
EXHIBEN,2176,0,
DEBAJO,1537,0,
NOMBRE,3098,0,
INMOBILIARIA,2482,0,
EN PLANTAS,1973,0,
PLANTAS PB,3395,0,
LIVING CON,2775,0,
AL PARQUE,255,0,
SALIDA LA,3724,0,
LA GALERIA,2612,0,
AMBIENTES DE,303,0,
DE RECEPCION,1480,0,
GALERIA CON,2286,0,
AMPLIO JARDIN,340,0,
JARDIN DE,2562,0,
PA DORMITORIOS,3191,0,
UNO DE,4194,0,
DE LOS,1425,0,
LOS CUALES,2808,0,
BANOS COMPLETOS,545,0,
HERMOSA VISTA,2378,1,BUENA VISTA
VISTA ABIERTA,4303,0,
TODA LA,4032,0,
MUY LUMINOSA,3056,0,
HOGAR LENA,2389,1,HOGAR LENA
EL LIVING,1850,0,
LA CASA,2590,0,
CASA SE,691,0,
SE ENCUENTRA,3754,0,
ENCUENTRA EN,2016,0,
EN CONSTRUCCION,1912,0,
NO INCLUYE,3095,0,
DE SERVICIOS,1490,0,
LA POSIBILIDAD,2637,0,
UN ENTORNO,4144,0,
RODEADO DE,3703,0,
ESPACIOS VERDES,2087,0,
QUE SE,3616,0,
DE GOLF,1378,0,
EN CUMPLIMIENTO,1916,0,
CUMPLIMIENTO DE,1239,0,
LA LEY,2618,0,
LA PROV,2644,0,
BS AS,579,0,
LEY NACIONAL,2738,0,
NACIONAL 25,3064,0,
25 028,78,0,
028 LEY,8,0,
LEY 22,2734,0,
22 802,54,0,
802 DE,156,0,
DE LEALTAD,1421,0,
LEALTAD COMERCIAL,2724,0,
COMERCIAL LEY,878,0,
LEY 24,2736,0,
24 240,65,0,
240 DE,71,0,
DE DEFENSA,1335,0,
DEFENSA AL,1547,0,
AL CONSUMIDOR,230,0,
CONSUMIDOR LAS,1127,0,
LAS NORMAS,2697,0,
NORMAS DEL,3103,0,
DEL CODIGO,1558,0,
CODIGO CIVIL,824,0,
CIVIL COMERCIAL,754,0,
COMERCIAL DE,875,0,
LA NACION,2624,0,
NACION CONSTITUCIONALES,3061,0,
CONSTITUCIONALES LOS,1107,0,
LOS AGENTES,2803,0,
AGENTES NO,206,0,
NO EJERCEN,3089,0,
EJERCEN EL,1819,0,
EL CORRETAJE,1831,0,
CORRETAJE INMOBILIARIO,1163,0,
INMOBILIARIO TODAS,2493,0,
LAS OPERACIONES,2699,0,
OPERACIONES INMOBILIARIAS,3163,0,
INMOBILIARIAS SON,2486,0,
SON OBJETO,3883,0,
OBJETO DE,3130,0,
DE INTERMEDIACION,1392,0,
INTERMEDIACION CONCLUSION,2537,0,
CONCLUSION POR,1083,0,
POR PARTE,3436,0,
PARTE DE,3257,0,
LOS MARTILLEROS,2816,0,
MARTILLEROS CORREDORES,2897,0,
CORREDORES COLEGIADOS,1156,0,
COLEGIADOS CUYOS,834,0,
CUYOS DATOS,1248,0,
DATOS SE,1255,0,
SE EXHIBEN,3762,0,
EXHIBEN DEBAJO,2177,0,
DEBAJO DEL,1538,0,
DEL NOMBRE,1572,0,
NOMBRE DE,3099,0,
LA INMOBILIARIA,2616,0,
CON SALIDA LA,1051,0,
PISOS DE PORCELANATO,3353,1,PISOS DE PORCELANATTO
GALERIA CON PARRILLA,2287,0,
DORMITORIOS CON PISOS,1753,0,
UNO DE LOS,4196,0,
EN SUITE CON,1985,0,
SUITE CON VESTIDOR,3910,0,
SE ENCUENTRA EN,3756,0,
LA POSIBILIDAD DE,2638,0,
EN CUMPLIMIENTO DE,1917,0,
CUMPLIMIENTO DE LA,1240,0,
DE LA LEY,1408,0,
DE LA PROV,1412,0,
LEY NACIONAL 25,2739,0,
NACIONAL 25 028,3065,0,
25 028 LEY,79,0,
028 LEY 22,9,0,
LEY 22 802,2735,0,
22 802 DE,55,0,
802 DE LEALTAD,157,0,
DE LEALTAD COMERCIAL,1422,0,
LEALTAD COMERCIAL LEY,2725,0,
COMERCIAL LEY 24,879,0,
LEY 24 240,2737,0,
24 240 DE,66,0,
240 DE DEFENSA,72,0,
DE DEFENSA AL,1336,0,
DEFENSA AL CONSUMIDOR,1548,0,
AL CONSUMIDOR LAS,231,0,
CONSUMIDOR LAS NORMAS,1128,0,
LAS NORMAS DEL,2698,0,
NORMAS DEL CODIGO,3104,0,
DEL CODIGO CIVIL,1559,0,
CODIGO CIVIL COMERCIAL,825,0,
CIVIL COMERCIAL DE,755,0,
COMERCIAL DE LA,876,0,
DE LA NACION,1409,0,
LA NACION CONSTITUCIONALES,2625,0,
NACION CONSTITUCIONALES LOS,3062,0,
CONSTITUCIONALES LOS AGENTES,1108,0,
LOS AGENTES NO,2804,0,
AGENTES NO EJERCEN,207,0,
NO EJERCEN EL,3090,0,
EJERCEN EL CORRETAJE,1820,0,
EL CORRETAJE INMOBILIARIO,1832,0,
CORRETAJE INMOBILIARIO TODAS,1164,0,
INMOBILIARIO TODAS LAS,2494,0,
TODAS LAS OPERACIONES,4036,0,
LAS OPERACIONES INMOBILIARIAS,2700,0,
OPERACIONES INMOBILIARIAS SON,3164,0,
INMOBILIARIAS SON OBJETO,2487,0,
SON OBJETO DE,3884,0,
OBJETO DE INTERMEDIACION,3131,0,
DE INTERMEDIACION CONCLUSION,1393,0,
INTERMEDIACION CONCLUSION POR,2538,0,
CONCLUSION POR PARTE,1084,0,
POR PARTE DE,3437,0,
PARTE DE LOS,3258,0,
DE LOS MARTILLEROS,1428,0,
LOS MARTILLEROS CORREDORES,2817,0,
MARTILLEROS CORREDORES COLEGIADOS,2898,0,
CORREDORES COLEGIADOS CUYOS,1157,0,
COLEGIADOS CUYOS DATOS,835,0,
CUYOS DATOS SE,1249,0,
DATOS SE EXHIBEN,1256,0,
SE EXHIBEN DEBAJO,3763,0,
EXHIBEN DEBAJO DEL,2178,0,
DEBAJO DEL NOMBRE,1539,0,
DEL NOMBRE DE,1573,0,
NOMBRE DE LA,3100,0,
DE LA INMOBILIARIA,1407,0,
UBICADO,4115,0,
PANAMERICANA,3203,0,
KM,2581,0,
52,134,0,
PILAR,3315,0,
ADEMAS,196,0,
TENER,3985,0,
ESTA,2097,0,
TIENE,4009,0,
LINDO,2745,0,
HERMOSO DEPARTAMENTO,2380,0,
DEPARTAMENTO UBICADO,1618,0,
UBICADO EN,4116,0,
LA ENTRADA,2604,0,
ADEMAS DE,197,0,
DE TENER,1498,0,
UNA EXCELENTE,4172,0,
ESTE DEPARTAMENTO,2130,0,
ESTA UBICADO,2107,0,
TIENE UN,4010,0,
DORMITORIO BANO,1732,0,
CON TODOS,1060,0,
LOS SERVICIOS,2827,0,
EL COMPLEJO,1828,0,
POSEE UNA,3462,0,
UNA COCHERA,4167,1,COCHERA
COCHERA EN,769,0,
DEPARTAMENTO UBICADO EN,1619,0,
UBICADO EN LA,4119,0,
EN LA CALLE,1947,0,
ESTA UBICADO EN,2108,0,
COMEDOR COCINA INTEGRADA,853,0,
CON TODOS LOS,1061,0,
TODOS LOS SERVICIOS,4046,0,
CATEGORIA,699,0,
MTS2,3020,0,
MARZO,2901,0,
2018,50,0,
PRECIO,3476,0,
VALOR,4209,0,
CONTADO,1133,0,
FINANCIACION,2223,1,FINANCIACION
ANTICIPO,368,0,
USD,4203,0,
RESTO,3684,0,
FINANCIADO,2225,1,FINANCIACION
36,103,0,
CUOTAS,1243,1,FINANCIACION
PALIER,3200,1,PALIER
SEGURIDAD,3782,0,
OTROS,3185,0,
COMPARTEN,889,0,
BANERA,516,0,
VENTANAS,4254,0,
VIDRIO,4282,0,
HERMETICO,2374,0,
ELECTRICO,1881,0,
HELADERA,2373,0,
MARCA,2886,0,
DESPENSA,1668,0,
CERRAMIENTO,733,0,
SIMIL,3831,0,
CENTRAL,709,0,
COMUNES,924,0,
CALIENTE,626,0,
INSTALACION,2513,0,
ELECTRICA,1879,0,
CAMARAS,637,0,
SISTEMA,3838,0,
TE,3971,0,
VER,4259,0,
INSTALACIONES,2517,0,
MISMAS,2983,0,
INCORPORADO,2441,0,
MES,2953,0,
PORTERO,3455,0,
TU,4103,0,
TELEFONO,3981,0,
INDIVIDUALES,2455,0,
CADA,602,0,
ASCENSOR,421,0,
INDIVIDUAL,2453,0,
SUM,3922,1,SUM
TRADICIONAL,4070,0,
CERRAMIENTOS,734,0,
TRATA,4087,0,
INTERIOR,2531,0,
SU,3896,0,
VEZ,4273,0,
MATERIAL,2914,0,
CARACTERISTICAS,661,0,
DUDE,1797,0,
CONSULTAR,1120,0,
DEPARTAMENTO DE,1599,0,
DE EXCELENTE,1369,0,
CATEGORIA EN,701,0,
EN VENTA,2004,0,
VENTA EN,4244,0,
BALCON TERRAZA,509,0,
PARRILLA COCHERA,3247,0,
EL PRECIO,1859,0,
VALOR DE,4210,0,
UNIDADES DE,4185,0,
DE PRIMER,1469,0,
SEGUNDO PISO,3781,0,
FINANCIACION ANTICIPO,2224,1,FINANCIACION
EL RESTO,1870,0,
36 CUOTAS,104,0,
PALIER PRIVADO,3201,0,
CON PUERTA,1041,0,
DE SEGURIDAD,1485,0,
COMEDOR DORMITORIOS,867,0,
QUE COMPARTEN,3601,0,
COMPARTEN UN,890,0,
COMPLETO CON,904,0,
CON BANERA,947,0,
MADERA EN,2870,0,
EN DORMITORIOS,1924,0,
DORMITORIOS LIVING,1762,0,
PORCELANATO EN,3453,0,
VENTANAS DE,4255,0,
DE ALUMINIO,1278,0,
ALUMINIO CON,283,0,
DOBLE VIDRIO,1718,1,DOBLE VIDRIO
TODO EL,4040,0,
HORNO ELECTRICO,2401,0,
TERRAZA CON,4000,1,TERRAZA
SIMIL MADERA,3832,0,
DEPTO DE,1643,0,
ESPACIOS COMUNES,2085,0,
DEL EDIFICIO,1565,0,
AGUA CALIENTE,210,0,
INSTALACION ELECTRICA,2515,0,
CAMARAS DE,638,0,
SISTEMA DE,3839,0,
DESDE EL,1665,0,
LAS MISMAS,2696,0,
DE UN,1516,0,
PARA CADA,3211,0,
CADA UNIDAD,604,0,
EL EDIFICIO,1839,0,
EDIFICIO CUENTA,1807,0,
DE CONSTRUCCION,1329,0,
SE TRATA,3766,0,
TRATA DE,4088,0,
DE UNA,1519,0,
CON LA,995,0,
SU VEZ,3898,0,
POR SU,3446,0,
NO DUDE,3087,0,
DUDE EN,1798,0,
EN VENTA EN,2006,0,
AMBIENTES CON BALCON,300,0,
CON BALCON TERRAZA,945,0,
ENTRADA DE SERVICIO,2026,0,
DORMITORIOS UNO DE,1771,0,
QUE COMPARTEN UN,3602,0,
COMPARTEN UN BANO,891,0,
UN BANO COMPLETO,4135,0,
BANO COMPLETO CON,526,0,
COMPLETO CON BANERA,905,0,
DE MADERA EN,1434,0,
DORMITORIOS LIVING COMEDOR,1763,0,
DE PORCELANATO EN,1466,0,
DE ALUMINIO CON,1280,0,
EN TODO EL,1994,0,
BALCON TERRAZA CON,510,0,
TERRAZA CON PARRILLA,4001,0,
CAMARAS DE SEGURIDAD,639,0,
EL EDIFICIO CUENTA,1840,0,
EDIFICIO CUENTA CON,1808,0,
SE TRATA DE,3767,0,
TRATA DE UNA,4090,0,
NO DUDE EN,3088,0,
TERCER,3988,0,
800,154,0,
VILLANUEVA,4294,0,
GABRIEL,2283,0,
700,149,0,
EN COMPLEJO,1910,0,
UN LOTE,4151,0,
BAJA LIVING,478,0,
COMEDOR TOILETTE,873,0,
RECEPCION COCINA,3643,0,
CON COMEDOR,961,0,
ALTA DOS,274,0,
DORMITORIOS QUE,1767,0,
SUITE PRINCIPAL,3911,0,
PRINCIPAL CON,3508,0,
VESTIDOR BANO,4267,0,
PARRILLA JARDIN,3250,0,
CASA EN VENTA,687,0,
UN LOTE DE,4152,0,
CALIDAD DE CONSTRUCCION,624,0,
PLANTA BAJA LIVING,3389,0,
BAJA LIVING COMEDOR,479,0,
LIVING COMEDOR TOILETTE,2774,0,
TOILETTE DE RECEPCION,4054,0,
DE RECEPCION COCINA,1481,0,
COCINA CON COMEDOR,800,0,
CON COMEDOR DIARIO,962,0,
PLANTA ALTA DOS,3385,0,
SUITE PRINCIPAL CON,3912,0,
PRINCIPAL CON VESTIDOR,3510,0,
CON VESTIDOR BANO,1076,0,
NATURALEZA,3068,0,
50,129,0,
EMPRENDIMIENTO,1893,0,
ESTUDIO,2146,0,
VIDA,4279,0,
RIO,3697,0,
LUJAN,2846,0,
BOSQUE,576,0,
LE,2722,0,
CONTACTO,1132,0,
DONDE,1724,0,
MANO,2876,0,
HA,2348,0,
CONSERVACION,1097,0,
POR EL,3423,0,
EN SU,1981,0,
DE VIDA,1530,0,
DEL RIO,1578,0,
DIARIO CON,1682,0,
500,133,0,
SUS,3952,0,
FRANCES,2250,0,
DISTRIBUCION,1706,0,
57,142,0,
95,165,0,
LAVARROPAS,2721,0,
VANITORY,4215,0,
CERAMICOS,721,0,
FLOTANTES,2233,0,
ENTRE,2032,0,
CALLES,632,0,
JUAN,2569,0,
MAT,2910,0,
SUPEDITADA,3927,0,
PROPIETARIO,3551,0,
REQUISITOS,3666,0,
RESOLUCION,3675,0,
2371,59,0,
AFIP,200,0,
TODOS SUS,4047,0,
DORMITORIO DE,1738,0,
DE 60,1266,0,
BALCON FRANCES,506,1,BALCON FRANCES
DE DISTRIBUCION,1341,0,
DE 10,1258,0,
MUEBLES COMPLETOS,3030,0,
LIVING DE,2777,0,
PLACARD DE,3366,0,
ACONDICIONADO EN,187,0,
EN DORMITORIO,1923,0,
DE GAS,1377,0,
EN LIVING,1953,0,
PISOS CERAMICOS,3347,1,PISOS CERAMICOS
CERAMICOS EN,722,0,
EN COCINA,1909,0,
BANO BALCON,519,0,
ENCUENTRA UBICADO,2018,0,
ENTRE LAS,2033,0,
LAS CALLES,2680,0,
AV SAN,446,0,
CUCICBA MAT,1225,0,
MAT NO,2911,0,
SUPEDITADA AL,3928,0,
AL CUMPLIMIENTO,236,0,
CUMPLIMIENTO POR,1241,0,
PARTE DEL,3260,0,
DEL PROPIETARIO,1576,0,
PROPIETARIO DE,3553,0,
LOS REQUISITOS,2825,0,
REQUISITOS DE,3667,0,
LA RESOLUCION,2648,0,
RESOLUCION GENERAL,3676,0,
2371 DE,62,0,
HALL DE DISTRIBUCION,2364,0,
AIRE ACONDICIONADO EN,218,0,
SE ENCUENTRA UBICADO,3758,0,
SUPEDITADA AL CUMPLIMIENTO,3929,0,
AL CUMPLIMIENTO POR,237,0,
CUMPLIMIENTO POR PARTE,1242,0,
POR PARTE DEL,3438,0,
PARTE DEL PROPIETARIO,3261,0,
DEL PROPIETARIO DE,1577,0,
PROPIETARIO DE LOS,3554,0,
DE LOS REQUISITOS,1429,0,
LOS REQUISITOS DE,2826,0,
REQUISITOS DE LA,3668,0,
DE LA RESOLUCION,1413,0,
LA RESOLUCION GENERAL,2649,0,
PARED,3236,0,
LADRILLO,2665,0,
CERAMICA,719,0,
TECHOS,3975,0,
PERFECTO,3292,0,
TECHADA,3972,0,
CUARTOS,1212,0,
ARBOLADO,392,0,
PLANOS,3376,0,
APROBADOS,374,0,
LINDA CASA,2744,0,
DE 30,1263,0,
LA VISTA,2660,0,
DE CERAMICA,1314,0,
TECHOS DE,3976,0,
ESTA EN,2098,0,
DORMITORIOS BANOS,1748,0,
BANOS COCINA,544,0,
COCINA LIVING,815,0,
DE TECHO,1496,0,
AIRE FRIO,221,0,
EN TODA,1989,0,
PILETA DE,3319,0,
MUY LINDO,3055,0,
MUY LINDA CASA,3054,0,
PISOS DE CERAMICA,3350,0,
COCINA LIVING COMEDOR,816,0,
EN TODA LA,1990,0,
TODA LA CASA,4033,0,
VARIOS,4219,0,
SEMICUBIERTO,3793,0,
CANERIAS,651,0,
FUERON,2272,0,
ANO,358,0,
BANCARIO,513,0,
CONDICIONADA,1085,0,
CUALQUIER,1207,0,
CONSULTA,1119,0,
COMUNICARSE,926,0,
155,34,0,
DE AMBIENTES,1283,0,
PARA VARIOS,3231,0,
CON DOS,973,0,
DORMITORIOS COCINA,1749,0,
COMEDOR LIVING,871,0,
COMPLETO PATIO,912,0,
CANERIAS DE,652,0,
DE LUZ,1431,0,
CREDITO BANCARIO,1181,1,APTO CREDITO
DE AMBIENTES CON,1285,0,
PLANTA BAJA CON,3387,0,
CON DOS DORMITORIOS,974,0,
DORMITORIOS COCINA COMEDOR,1750,0,
COCINA COMEDOR LIVING,794,0,
APTO CREDITO BANCARIO,388,0,
PUEYRREDON,3595,0,
HOSPITAL,2402,0,
CORDOBA,1151,0,
ASADOR,419,0,
REFERENCIA,3655,0,
SUJETO,3919,0,
PREVIO,3494,0,
CONTRACTUALES,1141,0,
MAYOR,2921,0,
INFORMACION,2461,0,
VISITAS,4300,0,
INMUEBLE,2499,0,
VENTA DEPARTAMENTO,4240,0,
EL MISMO,1853,0,
MISMO SE,2985,0,
UN DORMITORIO,4138,0,
PLACARD COCINA,3364,0,
CON ASADOR,935,1,PARRILLA
ES DE,2058,0,
SIN PREVIO,3836,0,
PREVIO AVISO,3495,0,
LOS DATOS,2809,0,
EN ESTA,1937,0,
EL MISMO SE,1854,0,
DE UN DORMITORIO,1517,0,
UN DORMITORIO CON,4140,0,
CON PLACARD COCINA,1030,0,
SIN PREVIO AVISO,3837,0,
ESQUINA,2094,1,ESQUINA
PISO EN,3340,0,
EN ESQUINA,1936,0,
AMPLIO CON,335,0,
DORMITORIO EN,1739,0,
PLACARD EN,3368,0,
DORMITORIO EN SUITE,1740,0,
GUARDA,2343,0,
ELLOS,1885,0,
COMPARTIDO,892,0,
SEGUNDA,3778,0,
PAGA,3193,0,
INDEPENDIENTES,2446,0,
PH DE,3310,0,
COCHERA CUBIERTA,765,1,COCHERA
EN PRIMER,1977,0,
COMPLETO EN,910,0,
DORMITORIOS MAS,1764,0,
DE ELLOS,1353,0,
ELLOS EN,1887,0,
EN PRIMER PISO,1978,0,
BANO COMPLETO EN,528,0,
UNO DE ELLOS,4195,0,
DE ELLOS EN,1355,0,
ELLOS EN SUITE,1888,0,
OTRO BANO COMPLETO,3183,0,
TANTO,3969,0,
COMO,882,0,
ESCALERA,2073,0,
HABITACION,2349,0,
HIPOTECARIO,2386,1,APTO CREDITO
PIERDAS,3314,0,
OPORTUNIDAD,3165,0,
DEJA,1550,0,
CONSTANCIA,1102,0,
APROXIMADOS,381,0,
IGUAL,2419,0,
SUJETOS,3921,0,
VERIFICACION,4262,0,
AJUSTE,225,0,
PUEDE,3575,0,
SER,3801,0,
MODIFICADO,2998,0,
FOTOS,2241,0,
CARACTER,658,0,
CONTRACTUAL,1140,0,
EN LOS,1955,0,
EN LAS,1952,0,
PISO POR,3342,0,
POR ESCALERA,3425,0,
MADERA DE,2869,0,
PRIMERA CALIDAD,3504,0,
CALIDAD EN,625,0,
UN BALCON,4133,0,
BALCON AL,494,0,
FRENTE LA,2261,0,
HABITACION PRINCIPAL,2353,0,
POSEE UN,3461,0,
CREDITO HIPOTECARIO,1182,1,APTO CREDITO
OPORTUNIDAD DE,3166,0,
DE VER,1529,0,
ESTA PROPIEDAD,2099,0,
PROPIEDAD SE,3536,0,
SE DEJA,3750,0,
DEJA CONSTANCIA,1551,0,
CONSTANCIA QUE,1103,0,
QUE LAS,3611,0,
MEDIDAS SUPERFICIES,2935,0,
SON APROXIMADOS,3876,0,
AL IGUAL,247,0,
IGUAL QUE,2420,0,
LAS EXPENSAS,2686,0,
PRECIO DEL,3478,0,
DEL INMUEBLE,1566,0,
INMUEBLE PUEDE,2504,0,
PUEDE SER,3576,0,
SER MODIFICADO,3802,0,
MODIFICADO SIN,2999,0,
AVISO LAS,457,0,
LAS FOTOS,2689,0,
FOTOS DE,2242,0,
DE CARACTER,1307,0,
CARACTER NO,659,0,
NO CONTRACTUAL,3086,0,
PISO POR ESCALERA,3343,1,PISO POR ESCALERA
DE PRIMERA CALIDAD,1472,0,
BALCON AL FRENTE,495,0,
APTO CREDITO HIPOTECARIO,389,1,APTO CREDITO
DEJA CONSTANCIA QUE,1552,0,
CONSTANCIA QUE LAS,1104,0,
QUE LAS MEDIDAS,3612,0,
LAS MEDIDAS SUPERFICIES,2694,0,
AL IGUAL QUE,248,0,
EL PRECIO DEL,1860,0,
PRECIO DEL INMUEBLE,3479,0,
DEL INMUEBLE PUEDE,1568,0,
INMUEBLE PUEDE SER,2505,0,
PUEDE SER MODIFICADO,3577,0,
SER MODIFICADO SIN,3803,0,
MODIFICADO SIN PREVIO,3000,0,
PREVIO AVISO LAS,3497,0,
AVISO LAS FOTOS,458,0,
FOTOS DE CARACTER,2243,0,
DE CARACTER NO,1308,0,
CARACTER NO CONTRACTUAL,660,0,
PLAZA,3403,0,
DORM,1726,0,
COMODO,887,0,
GARAGE,2291,0,
BOMBA,575,0,
FILTRO,2221,0,
YESO,4329,0,
TEJAS,3978,0,
POCAS CUADRAS,3408,0,
LA PLAZA,2636,0,
PRINCIPAL DE,3511,0,
DORMITORIOS EL,1758,0,
PARQUE CON,3240,0,
CON PILETA,1018,0,
PARA LA,3218,0,
LA COCINA,2595,0,
DE YESO,1535,0,
POCAS CUADRAS DE,3409,0,
CUADRAS DE LA,1199,0,
DE LA PLAZA,1410,0,
COMEDOR COCINA COMEDOR,851,0,
COCINA COMEDOR DORMITORIOS,792,0,
CON PILETA DE,1019,0,
INGRESO,2474,0,
VILLA,4290,0,
DESARROLLO,1654,0,
URBANO,4201,0,
VISTAS,4313,0,
SIERRAS,3826,0,
LUMINOSIDAD,2848,0,
TRANQUILIDAD,4079,0,
TAN,3966,0,
CARLOS,664,0,
PAZ,3278,0,
CIUDAD,751,0,
CUAL,1202,0,
DA,1250,0,
75,152,0,
SIGUIENTE,3827,0,
MANERA,2875,0,
OBRA,3132,0,
APTA,384,0,
250,82,0,
EN VILLA,2008,0,
ESTE INMUEBLE,2131,0,
INMUEBLE ESTA,2500,0,
ZONA DE,4336,0,
DE LAS,1418,0,
DE CORDOBA,1330,0,
TAN SOLO,3967,0,
DE VILLA,1532,0,
CARLOS PAZ,665,0,
LA CIUDAD,2592,0,
CIUDAD DE,752,0,
UBICADO SOBRE,4122,0,
SOBRE UNA,3857,0,
LA CUAL,2598,0,
EXCELENTE VISTA,2165,1,BUENA VISTA
EL INMUEBLE,1846,0,
CON POSIBILIDAD,1039,0,
DORMITORIO AMPLIO,1731,0,
COCINA EN,807,0,
PROPIEDAD ESTA,3532,0,
DE OBRA,1445,0,
ESTE INMUEBLE ESTA,2132,0,
UBICADO EN UNA,4121,0,
DE LA CIUDAD,1403,0,
LA CIUDAD DE,2593,0,
CON POSIBILIDAD DE,1040,0,
LOFT,2793,1,LOFT
CONSTRUIDO,1116,0,
CINCO,748,0,
AMPLIOS,347,0,
LUMINOSOS,2853,0,
90,163,0,
PANORAMICA,3205,0,
VIDRIADO,4281,0,
MUCHO,3022,0,
ALACENAS,263,0,
GRANDES,2330,0,
PLACARES,3371,0,
RADIADORES,3623,0,
PORCELLANATO,3454,0,
DECK,1543,0,
INCREIBLE,2442,0,
LA ZONA,2663,0,
CON EL,977,0,
UN DEPARTAMENTO,4137,0,
AMBIENTES AMPLIOS,298,0,
AMPLIOS LUMINOSOS,352,0,
DE VIDRIO,1531,0,
ESPACIO DE,2081,0,
CON DETALLES,968,0,
DE DISENO,1340,0,
AMPLIA TERRAZA,329,1,TERRAZA
TERRAZA DE,4002,0,
VISTA PANORAMICA,4312,1,BUENA VISTA
DE CUALQUIER,1333,0,
PISO DE,3336,0,
CON TECHO,1058,0,
MUY LUMINOSOS,3059,0,
LUGAR DE,2843,0,
DE GUARDADO,1382,0,
ESCRITORIO CON,2078,0,
MESADA ALACENAS,2957,0,
MUY AMPLIO,3042,0,
AMPLIO LUMINOSO,343,0,
POR RADIADORES,3443,0,
PARRILLA PILETA,3252,0,
CON DECK,963,0,
COCHERA BAULERA,764,0,
EDIFICIO EN,1812,0,
EN LA ZONA,1951,0,
CON DETALLES DE,969,0,
DE LA ZONA,1416,0,
HALL DE RECEPCION,2367,0,
DORMITORIO BANO COMPLETO,1733,0,
COMPLETO CON DUCHA,906,0,
CON MUEBLES BAJO,1008,0,
BAJO MESADA ALACENAS,486,0,
CALEFACCION POR RADIADORES,616,0,
CON PARRILLA PILETA,1015,0,
EN EL EDIFICIO,1933,0,
DESARROLLADA,1649,0,
SOLA,3861,0,
ENCUENTRAN,2019,0,
PREPARADA,3486,0,
MUCHA,3021,0,
INVIERNO,2550,0,
CASA ESTRENAR,689,0,
ESTRENAR EN,2144,0,
CONSTRUCCION EN,1111,0,
DESARROLLADA EN,1650,0,
UNA SOLA,4175,0,
DE LIVING,1423,0,
PASILLO DE,3265,0,
DONDE SE,1725,0,
SE ENCUENTRAN,3759,0,
EL PRINCIPAL,1864,0,
LOS OTROS,2820,0,
OTROS DOS,3186,0,
CALOR EN,634,0,
LOS DORMITORIOS,2812,0,
JARDIN CON,2561,0,
PARRILLA EN,3249,0,
CONSTA DE LIVING,1101,0,
DE LIVING COMEDOR,1424,0,
DORMITORIOS EL PRINCIPAL,1759,0,
EL PRINCIPAL EN,1866,0,
FRIO CALOR EN,2269,0,
CONDOMINIO,1087,0,
ABRIL,174,0,
14,26,0,
DESCUBIERTA,1661,0,
70,148,0,
CONSULTE,1123,0,
MUEBLE,3023,0,
REVESTIMIENTO,3690,0,
EXTERIOR,2184,0,
ANODIZADO,359,0,
SPLITS,3892,1,AIRE ACONDICIONADO
BACHA,469,0,
DUAL,1795,0,
SPLIT,3888,1,AIRE ACONDICIONADO
CORRIENTE,1167,0,
CLOACAS,757,0,
CABLE,600,0,
NORTE,3108,0,
RAMAL,3627,0,
41,112,0,
RUTA,3709,0,
26,83,0,
LOCALIDAD,2792,0,
MEJORES,2945,0,
ETAPA,2150,0,
DEPARTAMENTOS,1621,0,
MEDIO,2936,0,
ARBOLEDA,393,0,
AMENITIES,314,0,
CONFORT,1094,0,
NATACION,3066,0,
GYM,2347,0,
JUEGOS,2571,0,
MANUEL,2878,0,
LUIS,2845,0,
VENTA AMBIENTES,4230,0,
50 M2,131,0,
VISTA LA,4311,0,
LA PILETA,2631,0,
EL DEPARTAMENTO,1834,0,
DEPARTAMENTO CUENTA,1597,0,
CON DORMITORIOS,972,0,
MUEBLE BAJO,3024,0,
ESTAR COMEDOR,2122,0,
ALUMINIO ANODIZADO,282,0,
INSTALACION DE,2514,0,
BACHA DE,470,0,
CALIENTE POR,628,0,
AGUA CORRIENTE,213,0,
EL PROYECTO,1869,0,
HACIA LA,2360,0,
LAS MEJORES,2695,0,
DE ESTA,1361,0,
ZONA RESIDENCIAL,4338,0,
UNA ZONA,4179,0,
DE TRES,1511,0,
LOS DEPARTAMENTOS,2811,0,
TRES AMBIENTES,4098,0,
MEDIO DE,2937,0,
SOBRE UN,3855,0,
UN TERRENO,4159,0,
TERRENO DE,4007,0,
PRIMERA LINEA,3505,0,
DE NATACION,1443,0,
PLAZA DE,3404,0,
DE JUEGOS,1396,0,
LA RUTA,2650,0,
DEPARTAMENTO EN VENTA,1609,0,
CON VISTA LA,1080,0,
EL DEPARTAMENTO CUENTA,1835,0,
DEPARTAMENTO CUENTA CON,1598,0,
CUENTA CON DORMITORIOS,1229,0,
MUEBLE BAJO MESADA,3025,0,
AGUA CALIENTE POR,212,0,
EN UNA ZONA,2003,0,
DE TRES AMBIENTES,1512,0,
UN TERRENO DE,4160,0,
DE PRIMERA LINEA,1473,0,
PILETA DE NATACION,3320,0,
CONSTRUCTIVA,1112,0,
OPCION,3155,0,
FAMILIA,2198,0,
RENTA,3658,0,
100,16,0,
PESOS,3306,0,
PRIVILEGIADA,3518,0,
PAGO,3197,0,
351,100,0,
MARIA,2891,0,
86,159,0,
COMPLEJO DE,897,0,
DEPARTAMENTOS DE,1623,0,
CALIDAD CONSTRUCTIVA,622,0,
UBICACION PRIVILEGIADA,4111,0,
DEL LAGO,1569,0,
DE DORM,1343,0,
ZONA COMERCIAL,4335,0,
UBICADO EN EL,4118,0,
METROS DE LA,2972,0,
AREA,395,0,
DIRECTO,1693,0,
COSTO,1172,0,
COMUN CON,923,0,
HS,2406,0,
MERCADO,2952,0,
AA,167,1,AIRE ACONDICIONADO
PLACARDS,3370,0,
INTERIORES,2533,0,
43,117,0,
BARRIOS,560,0,
CERCANO,727,0,
POLO,3419,0,
GASTRONOMICO,2300,0,
CENTROS,717,0,
COMERCIALES,880,0,
SUPERMERCADOS,3940,0,
COLEGIOS,837,0,
DEPTO EN,1644,0,
VENTA CON,4232,0,
CON RENTA,1045,0,
APTO PROFESIONAL,391,1,APTO PROFESIONAL
SEGURIDAD 24,3783,0,
24 HS,69,0,
DE PISO,1456,0,
CON SUS,1057,0,
AMPLIO BANO,333,0,
BANO CON,531,0,
PANAMERICANA RAMAL,3204,0,
CENTROS COMERCIALES,718,0,
VENTA CON RENTA,4233,0,
SEGURIDAD 24 HS,3784,0,
BANO CON BANERA,532,0,
IDEAL,2413,0,
VENDE,4224,0,
ANTE,363,0,
CUBIERTO,1220,0,
CONSTRUIR,1118,0,
SE VENDE,3769,0,
CASA DE,679,0,
DE PLANTAS,1463,0,
DORMITORIOS UN,1768,0,
HABITACION DE,2351,0,
SERVICIO CON,3812,0,
CUBIERTO PARA,1222,0,
SE PUEDE,3765,0,
DORMITORIOS UN BANO,1769,0,
LA PLANTA BAJA,2634,0,
HABITACION DE SERVICIO,2352,0,
DE SERVICIO CON,1488,0,
SERVICIO CON BANO,3813,0,
PERON,3301,0,
NOS,3110,0,
ENCONTRAMOS,2011,0,
GENERALES,2306,0,
IMPORTANTES,2432,0,
COMODA,884,0,
MAMPARA,2874,0,
DIVISION,1712,0,
PUERTAS,3585,0,
LUCES,2839,0,
ANTIGUEDAD,369,0,
HASTA,2368,0,
CAMINO,640,0,
UNIVERSIDAD,4190,0,
SUBSUELO,3900,0,
COCHERAS,775,1,COCHERA
BAULERAS,563,1,BAULERA
PROFESIONALES,3523,0,
PERSONAS,3304,0,
NUEVA,3120,0,
FACIL,2190,0,
NOS ENCONTRAMOS,3111,0,
ENCONTRAMOS CON,2012,0,
UN LIVING,4148,0,
SUPERFICIE TOTAL,3937,0,
DEL DEPARTAMENTO,1564,0,
CUBIERTA DE,1217,0,
CON MUEBLE,1005,0,
AMPLIO PLACARD,346,0,
CON PUERTAS,1042,0,
CON ACCESO,928,0,
ACCESO POR,180,0,
LA ESQUINA,2605,0,
ESQUINA DE,2095,0,
LA UNIVERSIDAD,2655,0,
EN DOS,1925,0,
DOS PLANTAS,1789,0,
TIENE UNA,4011,0,
CON PISCINA,1020,1,PILETA
LAS COCHERAS,2681,1,COCHERA
UN SECTOR,4157,0,
QUE LA,3610,0,
DE SUS,1493,0,
YA QUE,4328,0,
AREA DE,396,0,
ES UNA,2072,0,
UN LUGAR,4153,0,
CERCA DEL,725,0,
FACIL ACCESO,2191,0,
NOS ENCONTRAMOS CON,3112,0,
UN LIVING COMEDOR,4149,0,
EN DOS PLANTAS,1926,0,
DEPARTAMENTOS DE AMBIENTES,1624,0,
CALDERA,606,0,
CEMENTO,706,0,
ALISADO,267,0,
PORTON,3458,0,
DUPLEX EN,1802,0,
CON SEGURIDAD,1052,0,
PB LIVING,3282,0,
DORMITORIOS AMPLIOS,1745,0,
AMPLIOS CON,350,0,
POR CALDERA,3422,0,
ESCALERA DE,2074,0,
DE CEMENTO,1313,0,
CON PORTON,1038,0,
SEGURIDAD EN,3786,0,
PB LIVING COMEDOR,3283,0,
PATIO CON PARRILLA,3271,0,
ABERTURAS DE ALUMINIO,170,0,
SEGUN,3777,0,
EN CENTRO,1908,0,
DE CALIDAD,1306,0,
ORIENTACION,3171,0,
DISPOSICION,1704,0,
SUP,3926,0,
CUB,1214,0,
33,97,0,
OPCIONAL,3156,0,
INCLUIDA,2436,0,
ORIENTACION NORTE,3173,0,
SALIDA BALCON,3723,0,
CON PLACARDS,1034,0,
MESADA DE,2959,0,
DOBLE BACHA,1715,0,
SUPERFICIE CUBIERTA,3935,0,
BALCON BANO,497,0,
EN BUEN,1904,0,
MUY BUENOS,3051,0,
EN MUY,1960,0,
PISO DE PARQUET,3338,1,PISO DE PARQUET
MESADA DE MARMOL,2961,1,MESADA DE MARMOL
EN BUEN ESTADO,1905,0,
EN MUY BUEN,1961,0,
DE SAN,1484,0,
EN EL BARRIO,1930,0,
PASANTE,3262,0,
ROCA,3701,0,
ASCENSORES,422,0,
GRUPO,2341,0,
ELECTROGENO,1883,0,
DEPARTAMENTO ESTRENAR,1610,0,
AL LIVING,251,0,
PARRILLA LAVADERO,3251,0,
CALIENTE CENTRAL,627,0,
COCHERA DOBLE,768,1,COCHERA
SUM SOLARIUM,3925,0,
GRUPO ELECTROGENO,2342,1,GRUPO ELECTROGENO
COMEDOR CON SALIDA,861,0,
CON SALIDA BALCON,1050,0,
BALCON CON PARRILLA,501,0,
CON PARRILLA LAVADERO,1014,0,
AGUA CALIENTE CENTRAL,211,0,
GUSTO,2346,0,
CHIMENEA,742,0,
HUESPEDES,2411,0,
ATRAS,432,0,
VESTUARIO,4271,0,
TODO CON,4039,0,
CON CHIMENEA,955,0,
CON TOILETTE,1062,0,
LA PARTE,2630,0,
CON SU,1055,0,
DE LA CASA,1402,0,
SOTANO,3886,0,
SUBTE,3902,0,
CANTIDAD,653,0,
COLECTIVO,831,0,
TREN,4096,0,
SARMIENTO,3746,0,
INVERSOR,2547,0,
AMBIENTES AL,296,0,
NO APTO,3084,0,
UBICACION METROS,4110,0,
METROS DEL,2973,0,
DEL SUBTE,1579,0,
SUBTE LINEA,3903,0,
CANTIDAD DE,654,0,
DE COLECTIVO,1323,0,
DE TREN,1510,0,
IDEAL INVERSOR,2414,0,
DEPARTAMENTO DE AMBIENTES,1601,0,
DE AMBIENTES AL,1284,0,
LINEAS DE COLECTIVO,2751,0,
ESTACION DE TREN,2111,0,
EXCLUSIVOS,2175,0,
TERMINACION,3990,0,
ZONAS,4339,0,
CABALLITO,597,0,
PROXIMO,3565,0,
DE TERMINACION,1500,0,
UNA DE,4170,0,
CENTRO COMERCIAL,713,0,
DETALLES DE TERMINACION,1676,0,
EN UNA DE,2001,0,
UNA DE LAS,4171,0,
OPTATIVAS,3167,0,
CHALET,736,0,
COM,842,0,
2O,88,0,
DEP,1586,0,
DE TEJAS,1497,0,
COCINA LAVADERO,814,0,
GARAGE PARA,2293,0,
LOCAL,2786,0,
FONDO,2234,0,
COMPARTIMENTADO,893,0,
MTS,3016,0,
ESTACIONAMIENTO,2112,0,
IMPORTANTE,2431,0,
OFICINAS,3151,0,
CABILDO,598,0,
DE FRENTE,1375,0,
DE FONDO,1374,0,
BANO COMPARTIMENTADO,522,0,
MTS DE,3018,0,
DE SUBTE,1492,0,
IDEAL PARA,2415,0,
DESARROLLADO,1652,0,
AUTOS,438,0,
INGRESA,2470,0,
ITALIA,2554,0,
VISUALES,4315,0,
ROOM,3705,0,
ISLA,2553,0,
DESAYUNADORA,1656,0,
CAMPANA,641,0,
AUTOMATICO,435,0,
ACCEDE,175,0,
VARIAS,4216,0,
ESCALERAS,2075,0,
COMPLETAMENTE,900,0,
LUEGO,2841,0,
LARGO,2672,0,
SUITES,3914,0,
AMBAS,290,0,
PLAYROOM,3402,1,PLAYROOM
INTIMO,2545,0,
HIDROMASAJE,2384,1,HIDROMASAJE
DEPENDENCIAS,1634,0,
HOY,2405,0,
PRIVADA,3515,0,
TENDER,3984,0,
ROPA,3706,0,
BAR,550,0,
RIEGO,3694,0,
ASPERSION,427,0,
REVESTIDA,3685,0,
EQUIPO,2050,0,
GENERACION,2301,0,
AUTOMATICAS,434,0,
ALARMA,264,0,
MUROS,3039,0,
DOBLES,1719,0,
CAMARA,635,0,
COLOCACION,838,0,
CON FRENTE,984,0,
FRENTE DE,2258,0,
DE LADRILLO,1417,0,
SECTOR DE,3775,0,
AL RIO,257,0,
SE INGRESA,3764,0,
CON PISO,1021,0,
EL JARDIN,1849,0,
GRANDES VENTANALES,2331,0,
INGRESO DE,2475,0,
EL BANO,1823,0,
BANO PRINCIPAL,541,0,
CON ISLA,992,0,
EN ACERO,1896,0,
CON MESADA,1003,0,
PORTON AUTOMATICO,3459,1,PORTON AUTOMATICO
SE ACCEDE,3749,0,
ENCUENTRA EL,2015,0,
EL PARQUE,1856,0,
CON HIDROMASAJE,987,1,HIDROMASAJE
DEPENDENCIAS DE,1635,0,
CON LOS,1002,0,
AMPLIA GALERIA,328,0,
GRAN PARQUE,2326,0,
CON ORIENTACION,1012,0,
RIEGO POR,3695,0,
POR ASPERSION,3421,0,
PISCINA DE,3328,0,
REVESTIDA EN,3686,0,
CALEFACCION CENTRAL,611,0,
CENTRAL POR,711,0,
DE ULTIMA,1514,0,
ULTIMA GENERACION,4125,0,
DE CALEFACCION,1305,0,
EL CUAL,1833,0,
POR LOSA,3433,0,
LA PROPIEDAD,2640,0,
DE ALTA,1275,0,
LAS ABERTURAS,2678,0,
EN YESO,2009,0,
CAMARA DE,636,0,
DE AIRE,1273,0,
ESTADO GENERAL,2116,0,
TRATA DE UN,4089,0,
SOBRE UN LOTE,3856,0,
CON PISO DE,1022,0,
COCINA CON ISLA,801,0,
EN ACERO INOXIDABLE,1897,0,
SE ENCUENTRA EL,3755,0,
DEPENDENCIAS DE SERVICIO,1636,0,
RIEGO POR ASPERSION,3696,1,RIEGO POR ASPERSION
CALEFACCION CENTRAL POR,612,0,
DE ULTIMA GENERACION,1515,0,
POR LOSA RADIANTE,3434,0,
LA PROPIEDAD SE,2643,0,
RECICLAR,3651,1,RECICLADO
LUMINOSO LIVING,2851,0,
COMEDOR BALCON,846,0,
BALCON COCINA,499,0,
LAVADERO INDEPENDIENTE,2718,0,
BANO DE,534,0,
LUMINOSO LIVING COMEDOR,2852,0,
LIVING COMEDOR BALCON,2765,0,
BANO DE SERVICIO,535,0,
INVERSION,2546,0,
BELGRANO,564,0,
NUNEZ,3128,0,
TRANQUILA,4078,0,
CARPINTERIAS,669,0,
LONGVIE,2797,0,
CONEXION,1088,0,
ACTUALMENTE,195,0,
ALQUILADO,269,0,
COCHERA PARA,773,0,
CON MUY,1010,0,
ORIENTACION ESTE,3172,0,
EL PISO,1858,0,
CARPINTERIAS DE,670,0,
GRAN CANTIDAD,2322,0,
CONEXION PARA,1089,0,
PARA LAVARROPAS,3219,0,
ULTIMO PISO,4127,1,ULTIMO PISO
DE VENTA,1528,0,
AMBIENTES CON COCHERA,301,0,
AL CONTRAFRENTE CON,235,0,
GRAN CANTIDAD DE,2323,0,
CONEXION PARA LAVARROPAS,1090,0,
CON MUY BUENA,1011,0,
EXTERNO,2187,0,
PARQUIZADO,3244,0,
MAYO,2920,0,
2017,49,0,
SUJETA,3915,0,
EXCELENTE CASA,2156,0,
M2 EN,2863,0,
BAJA SE,480,0,
ENCUENTRA LA,2017,0,
AL FONDO,241,0,
DORMITORIOS PRINCIPAL,1765,0,
CON PLACAR,1027,0,
DE TERRENO,1501,0,
SE ENTREGA,3760,0,
ENTREGA EN,2039,0,
DE 2017,1262,0,
LA VENTA,2656,0,
LA AFIP,2583,0,
EXCELENTE CASA EN,2157,0,
PLANTA BAJA SE,3390,0,
SE ENCUENTRA LA,3757,0,
DORMITORIOS PRINCIPAL EN,1766,0,
SUITE CON BANO,3909,0,
2371 DE LA,63,0,
DE LA AFIP,1399,0,
MODERNA,2992,0,
CARPINTERIA,666,0,
CON HOGAR,988,0,
HOGAR COCINA,2388,0,
DE CERAMICOS,1315,0,
PISOS FLOTANTES,3356,0,
LIVING CON HOGAR,2776,0,
CON DOBLE VIDRIO,971,0,
DPTO,1792,0,
CASA CON,676,0,
EXCELENTE OPORTUNIDAD,2162,0,
BANO DORMITORIO,536,0,
DE ESTAR,1364,0,
COMEDOR DORMITORIO,866,0,
SALA DE ESTAR,3714,0,
PROPIEDADES,3538,0,
NULL,3124,0,
CONSTRUIDOS,1117,0,
IMPONENTE,2430,0,
ROSARIO,3707,0,
QUINCHO,3619,0,
TRAVES,4091,0,
MAPAPROP,2880,0,
PROPIEDADES EL,3541,0,
PRECIO ES,3480,0,
DE USD,1523,0,
AL JARDIN,249,0,
CUBIERTA PARA,1218,0,
PARA UN,3228,0,
UN AUTO,4132,0,
PARA AUTOS,3210,0,
JARDIN PARQUIZADO,2564,0,
PARQUIZADO CON,3245,0,
PUBLICADO TRAVES,3572,0,
TRAVES DE,4092,0,
DE MAPAPROP,1437,0,
PROPIEDADES EL PRECIO,3542,0,
EL PRECIO ES,1861,0,
PRECIO ES DE,3481,0,
ES DE USD,2060,0,
VISTA AL JARDIN,4306,0,
CON UN BANO,1066,0,
COMEDOR AMPLIO CON,845,0,
CON HOGAR LENA,989,0,
COCHERA CUBIERTA PARA,766,0,
PARA UN AUTO,3229,0,
PUBLICADO TRAVES DE,3573,0,
TRAVES DE MAPAPROP,4093,0,
CUADRADOS,1195,0,
LOCAL COMERCIAL,2787,0,
DE 50,1265,0,
METROS CUADRADOS,2969,0,
AVENIDA,452,0,
INDEPENDENCIA,2443,0,
APROX,375,0,
CODIGO UBICADO,829,0,
ANOS DE,361,0,
DE ANTIGUEDAD,1289,0,
INTEGRADA AL,2522,0,
CODIGO UBICADO EN,830,0,
ANOS DE ANTIGUEDAD,362,0,
FRENTE CON BALCON,2256,0,
CON BANO COMPLETO,949,0,
ALTA DORMITORIO,272,0,
BANO COCINA,520,0,
COMEDOR LAVADERO,870,0,
LAVADERO PATIO,2719,0,
FONDO LIBRE,2237,0,
PLANTA ALTA DORMITORIO,3383,0,
BARRA,553,0,
TV,4104,0,
COLOR,840,0,
MARCOS,2890,0,
ZOCALOS,4332,0,
HOJAS,2390,0,
PLACAS,3373,0,
ROBLE,3700,0,
TERMINADOS,3993,0,
CORREDIZAS,1152,0,
EXTERIORES,2186,0,
CORTINAS,1170,0,
ENROLLAR,2020,0,
VISOR,4301,0,
VIGILANCIA,4289,0,
ARTEFACTOS,413,0,
FLOTANTE,2231,0,
COCINAS,822,0,
MELAMINA,2946,0,
BLANCA,570,0,
GRIFERIA,2334,0,
FERRUM,2215,0,
SIMILAR,3833,0,
EXTRACTOR,2188,0,
MAR,2882,0,
CIRCUITO,749,0,
CLIMATIZADA,756,0,
CENTER,708,0,
RELAX,3657,0,
VESTUARIOS,4272,0,
PUERTO,3590,0,
CLUB,758,0,
MESA,2954,0,
PALIERES,3202,0,
CONTROL,1144,0,
AREAS,397,0,
INTEGRADA CON,2525,0,
CON BARRA,951,0,
HORNO ANAFE,2400,0,
SEGURIDAD LAS,3787,0,
LAS 24,2674,0,
DE TV,1513,0,
COLOR BLANCO,841,0,
PLACARES CON,3372,0,
PUERTAS CORREDIZAS,3587,0,
DE ENROLLAR,1356,0,
CALDERA INDIVIDUAL,608,0,
PORTERO VISOR,3457,0,
CENTRAL DE,710,0,
PISOS EN,3355,0,
EN ESTAR,1938,0,
DORMITORIOS DE,1756,0,
PISO FLOTANTE,3341,0,
EN BANOS,1901,0,
MESADA ALACENA,2956,0,
EN MARMOL,1958,0,
ENTRADA CON,2023,0,
AL MAR,253,0,
CERRADO DE,732,0,
PISCINA CLIMATIZADA,3326,1,PILETA CLIMATIZADA
SOLARIUM CON,3863,0,
DECK DE,1544,0,
EN SUBSUELO,1982,0,
CONTROL DE,1145,0,
AREAS COMUNES,398,0,
COCINA INTEGRADA CON,813,0,
INTEGRADA CON BARRA,2526,0,
SEGURIDAD LAS 24,3788,0,
LAS 24 HS,2676,0,
DE AIRE ACONDICIONADO,1274,0,
BAJO MESADA ALACENA,485,0,
DE ENTRADA CON,1358,0,
VISTA AL MAR,4308,0,
DECK DE MADERA,1545,0,
ESTILO,2134,0,
PIEDRA,3313,0,
HABITACIONES,2354,0,
HIDRO,2383,0,
TOMA,4058,0,
MENOR,2949,0,
CHALET DE,737,0,
DE ESTILO,1368,0,
EN ZONA,2010,0,
DEL MAR,1571,0,
DOS HABITACIONES,1788,0,
COMPLETO COCINA,903,0,
PARA DOS,3214,0,
DOS AUTOS,1777,0,
PATIO EN,3273,0,
IMPECABLE ESTADO,2428,0,
EN PISOS,1969,0,
POCAS CUADRAS DEL,3410,0,
VESTIDOR BANO EN,4269,0,
BANO COMPLETO COCINA,525,0,
PARA DOS AUTOS,3215,0,
FTE,2270,0,
DE AMB,1281,0,
AMB EN,289,0,
CON PLACARES,1035,0,
DE CATEGORIA,1311,0,
DTO,1794,0,
110,19,0,
EL OTRO,1855,0,
AL LIVING COMEDOR,252,0,
MICROCENTRO,2975,0,
150,32,0,
DEPOSITO,1640,0,
NI,3075,0,
TEL,3979,0,
0,0,0,
12,21,0,
16,35,0,
CON BACHA,937,0,
PARA EL,3216,0,
DIVIDIDO,1710,0,
SHOPPING,3822,0,
900,164,0,
223,6,0,
MUY AMPLIA,3041,0,
AMPLIA COCINA,324,0,
ES MUY,2065,0,
VENDE CON,4225,0,
RENTA HASTA,3659,0,
SE VENDE CON,3770,0,
AMBIENTES LA,308,0,
CALLE CON,630,0,
CON TRES,1063,0,
AMBIENTES LA CALLE,309,0,
LA CALLE CON,2588,0,
QUINCHO CON,3620,0,
QUINCHO CON PARRILLA,3621,0,
85,158,0,
SALIENTE,3726,0,
BALCON SALIENTE,508,0,
COMEDOR DOS,868,0,
AVDA,450,0,
FRENTE AL,2253,0,
DORM EN,1727,0,
FONDO CON,2235,0,
PATIO TERRAZA,3275,0,
RIVADAVIA,3699,0,
MARTIN,2899,0,
NUESTRO,3119,0,
SITIO,3840,0,
ZONA CENTRO,4334,0,
DE INGRESO,1386,0,
DORMITORIO AL,1730,0,
SAN MARTIN,3736,0,
PARA MAS,3221,0,
MAS INFORMACION,2904,0,
SITIO WEB,3841,0,
CALLE CON BALCON,631,0,
CON BALCON SALIENTE,944,0,
HALL DE INGRESO,2366,0,
ESPACIO PARA LAVARROPAS,2083,0,
CON PLACARD DE,1032,0,
PARA MAS INFORMACION,3222,0,
COLON,839,0,
CALEFON,619,0,
RIOS,3698,0,
54,136,0,
MAIL,2872,0,
PLATA,3398,0,
ARGENTINA,399,0,
DE PLAZA,1464,0,
DE AMBIENTE,1282,0,
AMBIENTE DIVISIBLE,293,0,
DEPARTAMENTO SE,1616,0,
ENTRE RIOS,2035,0,
DEL PLATA,1575,0,
DEPARTAMENTO DE AMBIENTE,1600,0,
HALL DE ACCESO,2363,0,
EL DEPARTAMENTO SE,1836,0,
INVERSORES,2548,0,
INTERNO,2541,0,
DISTRIBUIDOR,1707,0,
SOLIDA,3866,0,
FINES,2227,0,
LUNES,2854,0,
VIERNES,4284,0,
APTA CREDITO,385,1,APTO CREDITO
LUNES VIERNES,2855,0,
VIERNES DE,4285,0,
BANO CON DUCHA,533,0,
PATIO DE,3272,0,
PISOS CON,3348,0,
DORMITORIOS CON PLACARES,1755,0,
CORRIENTES,1168,0,
PASO,3266,0,
PARRILLERO,3255,0,
OESTE,3143,0,
DE DORMITORIO,1345,0,
ALACENA BAJO,261,0,
SEMI INTEGRADA,3791,0,
INSTALACION PARA,2516,0,
CON INTERIORES,991,0,
DEPARTAMENTO DE DORMITORIO,1602,0,
ALACENA BAJO MESADA,262,0,
VIVIENDAS,4321,0,
38,106,0,
BAO,549,0,
INSTALADO,2519,0,
CONSULTENOS,1125,0,
JOSE,2568,0,
INMOMAP,2498,0,
GARAGE CUBIERTO,2292,0,
50 MTS,132,0,
COCINA DE,805,0,
PROPIEDADES TRAVES,3546,0,
TRAVES INMOMAP,4095,0,
DOS DORMITORIOS CON,1785,0,
PROPIEDADES TRAVES INMOMAP,3547,0,
EN CORDOBA,1915,0,
EN VENTA DE,2005,0,
VENTA DE DORM,4237,0,
DE DORM EN,1344,0,
DORM EN CORDOBA,1728,0,
LADO,2664,0,
SUPERIOR,3939,0,
EMPOTRADO,1891,0,
EL DORMITORIO,1837,0,
PLACARD EMPOTRADO,3367,0,
DE AV SAN,1297,0,
CON PLACARD EMPOTRADO,1033,0,
15,29,0,
UBICADOS,4123,0,
TELMO,3983,0,
TORRE DE,4061,0,
DE 15,1260,0,
CON AMENITIES,932,0,
UN LOCAL,4150,0,
LAS QUE,2701,0,
EL ACCESO,1822,0,
ACCESO AL,177,0,
AL EDIFICIO,238,0,
EL FRENTE,1844,0,
CON VISTAS,1081,0,
BARRIO DE,557,0,
SAN TELMO,3738,0,
DE BUENOS,1302,0,
UNIDADES DE AMBIENTES,4186,0,
DE BUENOS AIRES,1303,0,
ALMAGRO,268,0,
CAPITAL,656,0,
OFERTA,3147,0,
POSESION,3464,0,
SALDO,3717,0,
48,126,0,
TRANQUILO,4080,0,
PARRILLAS,3254,0,
29,86,0,
ESTRENAR DE,2143,0,
DOS CUADRAS,1780,0,
AV CORRIENTES,441,0,
PRECIO DE,3477,0,
DE PAGO,1451,0,
50 CON,130,0,
48 CUOTAS,127,0,
CON EXCELENTE,982,0,
INTERIORES DE,2534,0,
DE PLACARD,1459,0,
PLACARD PISOS,3369,0,
AMPLIO BALCON,332,0,
TERRAZA EN,4003,0,
HABITACION CON,2350,0,
SALIDA UN,3725,0,
AMENITIES PISCINA,316,0,
SOLARIUM SUM,3865,0,
SUM CON,3923,0,
COCHERA OPCIONAL,772,0,
DE DEPARTAMENTO AMBIENTES,1338,0,
DEPARTAMENTO AMBIENTES EN,1593,0,
DOS CUADRAS DE,1781,0,
DOS AMBIENTES EN,1776,0,
INTERIORES DE PLACARD,2535,0,
DORMITORIO COCINA,1734,0,
LIVING COMEDOR BANO,2766,0,
INMEDIATA,2479,0,
OFICINA,3150,0,
18,38,0,
DE DEPARTAMENTOS,1339,0,
MONOAMBIENTES,3012,0,
34,98,0,
AL FRENTE DE,245,0,
ALTILLO,275,1,ALTILLO
CHALET EN,738,0,
NORDELTA,3101,0,
INCORPORADA,2440,0,
BAAO,467,0,
REVESTIDO,3687,0,
AMBOS,312,0,
MUNICIPAL,3035,0,
TRAMITE,4075,0,
COCINA INCORPORADA,809,0,
TOILETTE CON,4052,0,
DEPENDENCIA CON,1631,0,
CON BAAO,936,0,
REVESTIDO EN,3688,0,
AMBOS CON,313,0,
JARDAN,2557,0,
CHICOS,741,0,
2DO,87,0,
300,91,0,
MAQUINAS,2881,0,
APROXIMADAMENTE,377,0,
PARA CHICOS,3212,0,
DE MAQUINAS,1438,0,
CON GRAN,985,0,
PILETA CLIMATIZADA,3317,0,
GARAGE PARA AUTOS,2294,0,
SALA DE MAQUINAS,3716,0,
RECEPCIA3N,3641,0,
GALERAA,2284,0,
CALEFACCIA3N,609,1,CALEFACCION
UNICA,4180,0,
1300,25,0,
VARIEDAD,4217,0,
TERMINACIONES,3991,0,
PROPIEDAD EN,3531,0,
M2 DE,2862,0,
VARIEDAD DE,4218,0,
COCINA AMPLIA,784,0,
DORMITORIOS EN,1760,0,
AMPLIO DORMITORIO,336,0,
CON EXCELENTES,983,0,
EQUIPO DE,2051,0,
COMEDOR DIARIO CON,864,0,
DORMITORIOS EN SUITE,1761,0,
TRANSFERENCIA,4081,0,
INMUEBLES,2508,0,
COTI,1173,0,
CONFORMIDAD,1091,0,
VIGENTE,4286,0,
RES,3669,0,
8,10,0,
CCS,702,0,
PLANTAS EN,3394,0,
BAAO COMPLETO,468,0,
DE ESTE,1365,0,
ESTA SUJETA,2101,0,
SUJETA LA,3916,0,
DE TRANSFERENCIA,1506,0,
TRANSFERENCIA DE,4082,0,
DE INMUEBLES,1390,0,
INMUEBLES COTI,2509,0,
COTI DE,1174,0,
DE CONFORMIDAD,1326,0,
CONFORMIDAD CON,1092,0,
VIGENTE RES,4287,0,
RES AFIP,3670,0,
08 CCS,13,0,
CCS POR,703,0,
COMEDOR COCINA CON,852,0,
LA VENTA DE,2657,0,
VENTA DE ESTE,4238,0,
DE ESTE INMUEBLE,1367,0,
INMUEBLE ESTA SUJETA,2501,0,
ESTA SUJETA LA,2102,0,
DE TRANSFERENCIA DE,1507,0,
TRANSFERENCIA DE INMUEBLES,4083,0,
DE INMUEBLES COTI,1391,0,
INMUEBLES COTI DE,2510,0,
COTI DE CONFORMIDAD,1175,0,
DE CONFORMIDAD CON,1327,0,
CONFORMIDAD CON LA,1093,0,
VIGENTE RES AFIP,4288,0,
08 CCS POR,14,0,
CCS POR PARTE,704,0,
COMPUESTO,920,0,
1500,33,0,
COMPUESTO POR,921,0,
CON LIVING,1000,0,
LAVADERO CUBIERTO,2713,0,
CUENTA CON LIVING,1231,0,
CON LIVING COMEDOR,1001,0,
17,37,0,
32,96,0,
GARAJE,2295,0,
EQUIPOS,2052,0,
HORA,2393,0,
UN GRAN,4146,0,
DE PLANTA,1461,0,
DE PLANTA BAJA,1462,0,
PH EN,3311,0,
EL CENTRO,1826,0,
CENTRO DE,715,0,
AL NORTE,254,0,
EN EL CENTRO,1931,0,
EL CENTRO DE,1827,0,
COMEDOR CON PISOS,860,0,
BALCA3N,492,0,
EXCELENTE CHALET,2158,0,
CERRADO CON,731,0,
CON AIRE,929,0,
ESTA SUPEDITADA,2105,0,
SUPEDITADA QUE,3930,0,
QUE EL,3608,0,
EL PROPIETARIO,1867,0,
TRAMITE ANTE,4076,0,
ANTE LA,365,0,
LAS REALES,2703,0,
CON AIRE ACONDICIONADO,930,0,
ESTA SUPEDITADA QUE,2106,0,
SUPEDITADA QUE EL,3931,0,
QUE EL PROPIETARIO,3609,0,
TRAMITE ANTE LA,4077,0,
ANTE LA AFIP,366,0,
COCINA CON LAVADERO,802,0,
CON PISO FLOTANTE,1023,0,
DESARROLLA,1647,0,
CERCO,728,0,
PERIMETRAL,3295,0,
EXCELENTE PROPIEDAD,2163,0,
SE DESARROLLA,3751,0,
UNA PLANTA,4174,0,
FRENTE COCINA,2254,0,
EN TODAS,1991,0,
EN UNA PLANTA,2002,0,
TRES DORMITORIOS CON,4101,0,
VISTA AL FRENTE,4305,0,
AL FRENTE COCINA,243,0,
LAGUNA,2669,0,
FIN,2222,0,
JUNIO,2575,0,
PLAY,3399,0,
ABIERTO,172,0,
PEATONAL,3284,0,
TARQUINI,3970,1,TARQUINI
MODELO,2990,0,
FV,2281,0,
SURGEN,3942,0,
MUNICIPALES,3036,0,
PLAY ROOM,3400,1,PLAYROOM
PATIO INTERNO,3274,0,
DE AUTOS,1294,0,
POR PISO,3439,0,
CALDERA DUAL,607,0,
SANITARIOS FERRUM,3742,0,
SURGEN DE,3943,0,
COMEDOR CON HOGAR,858,0,
SURGEN DE LOS,3945,0,
ESTUFAS,2149,0,
200,46,0,
DE INVIERNO,1395,0,
ESTAR COMEDOR COCINA,2123,0,
JARDIN DE INVIERNO,2563,1,JARDIN DE INVIERNO
VENTANA,4250,0,
CERAMICO,720,0,
TIRO,4021,0,
BALANCEADO,491,0,
POR TIRO,3447,0,
TIRO BALANCEADO,4022,0,
NORTE CON,3109,0,
TOILETTE COCINA CON,4051,0,
POR TIRO BALANCEADO,3448,0,
BALCONES,511,0,
COMODIDADES,886,0,
EN PISO,1968,0,
EN BELGRANO,1903,0,
FIJA CUBIERTA,2219,0,
EXCELENTES VISTAS,2169,0,
COCHERA FIJA CUBIERTA,771,0,
EN COMUN,1911,0,
ARS,409,0,
DE ARS,1292,0,
VENTA CASA,4231,0,
ESTADO DE,2114,0,
DE CONSERVACION,1328,0,
ES DE ARS,2059,0,
DEL CENTRO DE,1557,0,
CENTRO DE LA,716,0,
BUEN ESTADO DE,583,0,
ESTADO DE CONSERVACION,2115,0,
2016,48,0,
VALLE,4208,0,
INMOBILIARIOS,2495,0,
ALTOS,277,0,
BAJOS,490,0,
REVESTIDOS,3689,0,
DIRECCION,1689,0,
BUENO,588,0,
SI,3823,0,
TERMOTANQUE,3998,0,
CHAPA,739,0,
NEGRO,3074,0,
CIELORRASOS,745,0,
PINTADO,3323,0,
ASFALTO,425,0,
VIDEO,4280,0,
HTTPS,2408,0,
MATRICULA,2918,0,
SERVICIOS INMOBILIARIOS,3821,0,
INMOBILIARIOS EL,2496,0,
ALTOS BAJOS,278,0,
SUPERFICIE DE,3936,0,
DEL TERRENO,1580,0,
M2 SUPERFICIE,2864,0,
MUY BUENO,3050,0,
EN CADA,1906,0,
MEDIDAS DE,2929,0,
CODIGO DE,826,0,
INMOBILIARIOS EL PRECIO,2497,0,
LA PROPIEDAD ESTA,2642,0,
COCINA COMEDOR CON,790,0,
DE LA UNIDAD,1414,0,
DE LA PROPIEDAD,1411,0,
COCINA SEMI,817,0,
COCINA SEMI INTEGRADA,818,0,
DESCRIPCION,1657,0,
COMPUESTA,918,0,
DESCUBIERTO,1663,0,
VEHICULO,4222,0,
APROXIMADA,376,0,
NUESTRA,3115,0,
MADERO,2871,0,
MESADA EN,2962,0,
UN SEGUNDO,4158,0,
CON REVESTIMIENTO,1046,0,
LIVING COMEDOR DORMITORIOS,2771,0,
EQUIPADA,2043,0,
AMOBLAMIENTO,321,0,
UBICA,4105,0,
JULIO,2574,0,
EQUIPAMIENTO,2049,0,
PUBLICO,3574,0,
DUPLEX DE,1801,0,
EQUIPADA CON,2044,0,
AMPLIO PATIO,345,0,
EN PA,1962,0,
ELLOS CON,1886,0,
EN MADERA,1957,0,
SE UBICA,3768,0,
DE JULIO,1397,0,
TRANSPORTE PUBLICO,4085,0,
UN AMPLIO LIVING,4131,0,
DE DORMITORIOS CON,1347,0,
DE ELLOS CON,1354,0,
CON BALCON AL,942,0,
PROPIEDAD SE ENCUENTRA,3537,0,
NEGOCIOS,3072,0,
66,147,0,
EN CALLE,1907,0,
NEGOCIOS INMOBILIARIOS,3073,0,
UBICADO EN CALLE,4117,0,
CONSULTAS,1122,0,
POSIBLE,3470,0,
PERMUTA,3299,0,
BANFIELD,517,0,
VENTANAL,4252,0,
RESPECTIVAS,3678,0,
LOMAS,2794,0,
ZAMORA,4331,0,
DESARROLLADO EN,1653,0,
PLANTAS CON,3392,0,
AL PATIO,256,0,
AMPLIOS DORMITORIOS,351,0,
LOMAS DE,2795,0,
DE ZAMORA,1536,0,
DOS PLANTAS CON,1790,0,
AL FRENTE EN,246,0,
EL PRINCIPAL CON,1865,0,
LOMAS DE ZAMORA,2796,0,
CORREDOR,1153,0,
RESPONSABLE,3682,0,
CMCPSI,760,0,
MLS,2987,0,
CERCANIA,726,0,
MARTILLERO,2894,0,
CSI,1189,0,
MI,2974,0,
PERFIL,3293,0,
CARGO,662,0,
MATRICULADO,2919,0,
SERAN,3807,0,
CORREDOR RESPONSABLE,1154,0,
MLS ID,2988,0,
LOTE PROPIO,2836,0,
PROPIEDAD CUENTA,3528,0,
CARGO DEL,663,0,
CASA DE AMBIENTES,680,0,
DE AMBIENTES EN,1287,0,
LA PROPIEDAD CUENTA,2641,0,
PROPIEDAD CUENTA CON,3529,0,
PABLO,3192,0,
CONDICIONES,1086,0,
VENTA UBICADO,4248,0,
MUEBLES DE,3031,0,
DE BAJO,1299,0,
EN VENTA UBICADO,2007,0,
VENTA UBICADO EN,4249,0,
EN LIVING COMEDOR,1954,0,
DOS DORMITORIOS UNO,1787,0,
LOPEZ,2798,0,
FUNES,2279,0,
OLIVOS,3153,0,
MANTENIMIENTO,2877,0,
TIPO DE,4016,0,
TOILETTE LAVADERO,4055,0,
DE MANTENIMIENTO,1435,0,
BALCON LA,507,0,
DE PARQUE,1453,0,
COCINA CON BARRA,799,0,
MARCELO,2888,0,
REFACCIONAR,3654,0,
UNIVERSIDADES,4191,0,
BAJA CUENTA,475,0,
DORMITORIOS DOS,1757,0,
TRES CUADRAS,4099,0,
PLENO,3405,0,
FEDERICO,2213,0,
ALVAREZ,285,0,
PRESENTA,3488,0,
DE UNIDADES,1520,0,
EN PLENO,1974,0,
PROPIEDAD NO,3534,0,
CONSTRUCCION DE,1110,0,
COMEDOR COCINA BANO,850,0,
COCINA BANO COMPLETO,787,0,
CONSTRUIDA,1114,0,
ESTRATEGICA,2140,0,
COLEGIO,836,0,
CON AMPLIOS,934,0,
AMPLIOS VENTANALES,353,0,
AL EXTERIOR,240,0,
EL EXTERIOR,1843,0,
SOBRE LA,3850,0,
UNA UBICACION,4178,0,
UBICACION ESTRATEGICA,4109,0,
SERVICIOS DE,3818,0,
SOBRE LOTE DE,3853,0,
DE TRANSPORTE PUBLICO,1509,0,
PODRA,3413,0,
AGOSTO,208,0,
MODERNOS,2994,0,
DENTRO DE,1584,0,
HAY UN,2371,0,
MESADA CON,2958,0,
CON GRANDES,986,0,
EN BANO,1900,0,
FLOTANTE EN,2232,0,
DE GRANDES,1380,0,
PRIMER PISO POR,3502,0,
CASO,696,0,
PEQUENA,3290,0,
ACEPTA,183,0,
DIRECTA,1692,0,
AMPLIOS AMBIENTES,348,0,
MAR DEL,2883,0,
MAR DEL PLATA,2884,0,
LURO,2856,0,
LOCALES,2790,0,
SOBRE AV,3844,0,
DE BANO,1300,0,
MITRE,2986,0,
CATEGORIA CON,700,0,
COMPLETO TOILETTE,913,0,
DORMITORIOS UNO EN,1772,0,
VENTILACION,4256,0,
PISO CERAMICO,3334,0,
CON VENTILACION,1073,0,
VENTILACION NATURAL,4258,0,
BUENA UBICACION,586,0,
CON BALCON CORRIDO,943,0,
COMEDOR CON PISO,859,0,
CON VENTILACION NATURAL,1074,0,
BENAVIDEZ,565,0,
1ER,41,0,
1ER PISO,42,0,
GRAN BALCON,2321,0,
CUBIERTO CON,1221,0,
POR UNA,3450,0,
TAMBIEN CON,3964,0,
OTRO DORMITORIO,3184,0,
DORMITORIO CON BANO,1736,0,
CUBIERTAS,1219,0,
PLANES,3374,0,
COMODOS,888,0,
COCHERAS CUBIERTAS,776,0,
AMENITIES SUM,317,0,
PARRILLA PISCINA,3253,0,
PISCINA SOLARIUM,3329,0,
PLANTAS DE,3393,0,
LAVADERO INCORPORADO,2717,0,
DOS BANOS COMPLETOS,1779,0,
CON AMPLIO,933,0,
DESDE LA,1666,0,
COMPUESTA POR,919,0,
EL PATIO,1857,0,
CON DEPENDENCIA,965,0,
DE DOS AMBIENTES,1350,0,
DOS AMBIENTES CON,1775,0,
AMBIENTES CON DEPENDENCIA,302,0,
MATIAS,2917,0,
TIGRE,4013,0,
JARDINES,2565,0,
DISFRUTAR,1698,0,
CANCHAS,647,0,
CANCHA,643,0,
NINOS,3076,0,
FORMA,2238,0,
MINUTOS,2977,0,
DISPONE,1699,0,
POCOS,3411,0,
CARPINTERIA DE,667,0,
RECEPCION CON,3644,0,
GRAN LIVING,2324,0,
SERVICIO LAVADERO,3816,0,
DE GRAN,1379,0,
ACCESO LA,179,0,
AMPLIO HALL,338,0,
TODOS CON,4043,0,
VISTAS AL,4314,0,
JARDIN AL,2559,0,
VARIOS AUTOS,4220,0,
EN IMPECABLE,1943,0,
CANCHAS DE,648,0,
JUEGOS PARA,2572,0,
PARA NINOS,3223,0,
MINUTOS DE,2978,0,
DISPONE DE,1700,0,
CASA EN BARRIO,686,0,
VISTA AL PARQUE,4309,0,
DE SERVICIO LAVADERO,1489,0,
AMPLIO HALL DE,339,0,
JARDIN AL FRENTE,2560,0,
PARA VARIOS AUTOS,3232,0,
EN IMPECABLE ESTADO,1944,0,
SALA DE JUEGOS,3715,1,PLAYROOM
JUEGOS PARA NINOS,2573,0,
DISPONIBLES,1703,0,
ADICIONAL,198,0,
DICIEMBRE,1686,0,
27,84,0,
INDICE,2450,0,
CAC,601,0,
BAJOMESADA,489,0,
SOBRE AVENIDA,3845,0,
SOLO CUADRAS,3868,0,
FORMA DE,2239,0,
CUOTAS DE,1244,0,
PISO TECHO,3345,0,
EXTERIOR DE,2185,0,
BANOS CON,546,0,
REVESTIMIENTO DE,3691,0,
GRIFERIA DE,2335,0,
PRIMERA MARCA,3506,0,
ARTEFACTOS SANITARIOS,415,0,
COCHERAS DISPONIBLES,777,0,
FORMA DE PAGO,2240,0,
DE PISO TECHO,1457,0,
FRENTE DE PLACARD,2259,0,
MESADA DE GRANITO,2960,0,
DE PRIMERA MARCA,1474,0,
AMOBLADO,320,0,
PENA,3289,0,
EN EDIFICIO,1928,0,
SUM GIMNASIO,3924,0,
DAN,1251,0,
400,111,0,
23,57,0,
37,105,0,
53,135,0,
56,141,0,
96,166,0,
CUADRA DE AV,1192,0,
MEDIANTE,2926,0,
HORAS,2396,0,
24 HORAS,68,0,
ZONA NORTE,4337,0,
LAS 24 HORAS,2675,0,
PARA DISFRUTAR,3213,0,
COMEDOR BANO COMPLETO,848,0,
DIARIO COCINA,1681,0,
COCINA DORMITORIOS,806,0,
ENTRADA PRINCIPAL,2031,0,
CON CALDERA,954,1,CALDERA
CON BAULERA,953,1,BAULERA
VENTANA AL,4251,0,
CASEROS,694,0,
FEBRERO,2205,0,
RAPIDO,3630,0,
FEDERAL,2212,0,
MONOCOMANDO,3013,0,
OTRAS,3180,0,
600,144,0,
PLENO CENTRO,3406,0,
DE FEBRERO,1373,0,
POCOS METROS,3412,0,
CAPITAL FEDERAL,657,0,
CON HORNO,990,0,
SANITARIOS DE,3741,0,
CONSULTE POR,1124,0,
POR OTRAS,3435,0,
EN PLENO CENTRO,1975,0,
MARIANO,2892,0,
24HS,76,0,
19,40,0,
ABL,173,0,
COMERCIOS,881,0,
BANCOS,515,0,
RESTAURANTES,3683,0,
INVERTIR,2549,0,
AMB CON,288,0,
LAS 24HS,2677,0,
LUGAR PARA,2844,0,
CON COCHERAS,958,0,
APROXIMADOS LOS,382,0,
EDIFICIO DE CATEGORIA,1810,0,
EN EL PISO,1934,0,
SON APROXIMADOS LOS,3877,0,
SURGEN DE LA,3944,0,
140,27,0,
180,39,0,
FACULTAD,2195,0,
FACULTAD DE,2196,0,
CENTRO COMERCIAL DE,714,0,
BO,572,0,
HACER,2357,0,
OFERTAS,3149,0,
GASTOS,2299,0,
DE AVENIDA,1298,0,
PROPIEDAD DE,3530,0,
UN AMBIENTE,4129,0,
DI,1678,0,
120,22,0,
VENECITAS,4228,0,
OUT,3189,0,
QUINCHO PARRILLA,3622,0,
ANTE BANO,364,0,
GRIFERIA FV,2336,0,
LOTE DE 10,2834,0,
DETALLES DE CATEGORIA,1675,0,
EN TODAS LAS,1992,0,
PISO DE MADERA,3337,0,
BIENES,568,0,
RAICES,3626,0,
2019,51,0,
BIENES RAICES,569,0,
NUEVA CORDOBA,3121,0,
DEPARTAMENTO DE DORMITORIOS,1603,0,
DE DORMITORIOS EN,1348,0,
CON MUEBLES DE,1009,0,
BANO COMPLETO BALCON,524,0,
CORTESIA,1169,0,
PRE,3473,0,
TERMO,3997,0,
TANQUE,3968,0,
SANITARIA,3739,0,
AUTOMATIZADO,436,0,
UN TOTAL,4162,0,
TOTAL DE,4064,0,
PLANTAS PLANTA,3396,0,
DE CORTESIA,1331,0,
BANO LAVADERO,539,0,
PRE INSTALACION,3474,0,
UN TOTAL DE,4163,0,
VESTIDOR BANO COMPLETO,4268,0,
CALEFACCION POR LOSA,614,0,
AJUSTABLES,224,0,
MESES,2966,0,
MISMA,2982,0,
CONTARA,1136,0,
ENTREPISO,2041,0,
MDF,2922,0,
CORRESPONDA,1158,0,
FUNCIONALES,2276,0,
GRIS,2339,0,
MARA,2885,0,
MEDIDA,2927,0,
VIDRIOS,4283,0,
MARCO,2889,0,
CANERIA,650,0,
NOTA,3113,0,
MARCAS,2887,0,
PODRAN,3414,0,
ALGUNAS,266,0,
IMAGENES,2426,0,
DEPARTAMENTO DORMITORIO,1606,0,
CUOTAS EN,1245,0,
EN PESOS,1967,0,
CON SISTEMA,1053,0,
LA MISMA,2623,0,
DE 12,1259,0,
UNIDADES FUNCIONALES,4188,0,
GRIS MARA,2340,0,
NO SE,3096,0,
ARTEFACTOS DE,414,0,
PUERTAS DE,3588,0,
DE CHAPA,1316,0,
DE BANOS,1301,0,
FV SIMILAR,2282,0,
DE DOBLE,1342,0,
PARA AIRE,3207,0,
PODRAN SER,3417,0,
POR LOS,3432,0,
CUOTAS EN PESOS,1246,1,FINANCIACION
MUEBLES DE COCINA,3032,0,
DE LAS UNIDADES,1420,0,
PARA AIRE ACONDICIONADO,3208,0,
PASEO,3263,0,
COSTA,1171,0,
DESCUBIERTAS,1662,0,
SIGUIENTES,3830,0,
TIPOLOGIA,4019,0,
65,146,0,
DISTINTOS,1705,0,
DESAGUES,1646,0,
PERGOLA,3294,0,
HERRAJES,2381,0,
LA COSTA,2597,0,
MINUTOS DEL,2979,0,
CON LAS,997,0,
GALERIA PARRILLA,2289,0,
BARRA DESAYUNADORA,554,0,
EN DUPLEX,1927,0,
UN PATIO,4154,0,
DE 80,1268,0,
DE ALTURA,1277,0,
MINUTOS DEL CENTRO,2980,0,
DEPARTAMENTOS DE DORMITORIOS,1625,0,
CON BARRA DESAYUNADORA,952,0,
DOS DORMITORIOS EN,1786,0,
JORGE,2567,0,
SERA,3806,0,
ESPECIFICACIONES,2090,0,
TECNICAS,3977,0,
DEPARTAMENTO DORMITORIOS,1607,0,
DE PORCELLANATO,1467,0,
CADA UNA,603,0,
CON MESADA DE,1004,0,
LOCALES COMERCIALES,2791,0,
EN ESTE,1939,0,
GENEROSAS,2307,0,
FACULTADES,2197,0,
LLAMENOS,2779,0,
CONTAMOS,1134,0,
MONOAMBIENTE CON,3009,0,
CUAL SE,1205,0,
DESAYUNADOR,1655,0,
VILLA DEL,4292,0,
TERMINACIONES DE,3992,0,
HERMOSA CASA EN,2377,0,
SAAVEDRA,3710,0,
BANO COCINA COMEDOR,521,0,
HOUSE,2404,0,
CABA,596,0,
CLUB HOUSE,759,0,
LA VIDA,2659,0,
DESARROLLADA EN DOS,1651,0,
DOS PLANTAS EN,1791,0,
GRAL,2319,0,
EPOCA,2042,0,
UNOS,4200,0,
DISPONIBLE,1702,0,
INDUSTRIAL,2457,0,
DOCUMENTACION,1720,0,
DIA,1679,0,
46,120,0,
UBICACION DE,4107,0,
DE 66,1267,0,
DE LOSA,1430,0,
EMPLAZADO,1889,0,
LOCAL EN,2788,0,
EMPLAZADO EN,1890,0,
LA PLATA,2635,0,
EN PARTE,1964,0,
DEL CENTRO COMERCIAL,1556,0,
EN PARTE DE,1965,0,
PARTE DE PAGO,3259,0,
UNIDADES POR,4189,0,
3O,109,0,
CON BAJO,939,0,
EXCELENTES TERMINACIONES,2168,0,
CUENTA CON COCINA,1228,0,
CON BAJO MESADA,940,0,
30 CUOTAS,90,0,
FAMILIAS,2199,0,
ESTAR COMEDOR CON,2124,0,
FERNANDO,2214,0,
MATERIALES,2915,0,
ESTUFA,2148,0,
CEDRO,705,0,
INODORO,2511,0,
AMOBLAMIENTOS,322,0,
AMBIENTES LIVING,310,0,
INTEGRADA BANO,2523,0,
MATERIALES DE,2916,0,
EXCELENTE CALIDAD,2153,0,
COCINA INTEGRADA BANO,812,0,
POR EL PROPIETARIO,3424,0,
DE EXCELENTE CALIDAD,1370,0,
RAMOS,3628,0,
MEJIA,2941,0,
AMOBLADA,319,0,
TRAMITACION,4071,0,
RAMOS MEJIA,3629,0,
COMPLETO DORMITORIOS,909,0,
LA TRAMITACION,2652,0,
TRAMITACION DEL,4072,0,
DEL COTI,1562,0,
COTI POR,1176,0,
GENERAL NO,2303,0,
NO 2371,3080,0,
AMBIENTES EN VENTA,306,0,
LA TRAMITACION DEL,2653,0,
TRAMITACION DEL COTI,4074,0,
DEL COTI POR,1563,0,
COTI POR PARTE,1177,0,
RESOLUCION GENERAL NO,3677,0,
GENERAL NO 2371,2304,0,
NO 2371 DE,3081,0,
EQUIPADO,2047,0,
ANTIGUO,370,0,
EQUIPOS DE,2053,0,
SUITE BANO,3907,0,
BANO TOILETTE,542,0,
EQUIPOS DE AIRE,2054,0,
LIVING COMEDOR DORMITORIO,2770,0,
EN SUITE BANO,1984,0,
VENDO,4226,0,
VENDO CASA,4227,0,
GRAN LIVING COMEDOR,2325,0,
PARRILLA CON,3248,0,
TERRAZAS,4005,0,
PB HALL,3280,0,
64,145,0,
CONGRESO,1095,0,
RESPECTIVO,3681,0,
DE ALTO,1276,0,
LO CUAL,2782,0,
AV RIVADAVIA,445,0,
OFERTA DE,3148,0,
PROPIEDAD RESPECTIVO,3535,0,
SUJETA LA TRAMITACION,3917,0,
TRAMITACION DEL CODIGO,4073,0,
DEL CODIGO DE,1560,0,
DE PROPIEDAD RESPECTIVO,1476,0,
IMPERDIBLE,2429,0,
CON JARDIN,994,0,
ESTRENAR CON,2142,0,
PREMIUM,3485,0,
JUSTO,2580,0,
OPCIONALES,3157,0,
ALQUILER,270,0,
JUAN JUSTO,2570,0,
COCHERAS OPCIONALES,780,0,
DE ENTREGA,1360,0,
DEFINITIVAS,1549,0,
CONTACTARNOS,1129,0,
VALOR DEL,4211,0,
EL VALOR,1877,0,
LA COCHERA,2594,0,
EN CONTACTARNOS,1913,0,
CON VISTA ABIERTA,1078,0,
EL VALOR DE,1878,0,
DUDE EN CONTACTARNOS,1799,0,
FIDEICOMISO,2217,0,
ESCOBAR,2076,0,
PRECIOS,3482,0,
DE INVERSION,1394,0,
LA AVENIDA,2586,0,
25 DE,80,0,
DE MAYO,1440,0,
INDICE DE,2451,0,
LA CAMARA,2589,0,
LA FORMA,2610,0,
HASTA EL,2369,0,
DE SU,1491,0,
DE LA AVENIDA,1401,0,
25 DE MAYO,81,0,
DE AMBIENTES DE,1286,0,
INDICE DE LA,2452,0,
LA FORMA DE,2611,0,
44,118,0,
SECTORES,3776,0,
TRANSPORTES,4086,0,
42,113,0,
47,125,0,
FIJAS,2220,0,
COCHERAS FIJAS,779,1,COCHERA
CON JACUZZI,993,0,
DE CATEGORIA EN,1312,0,
EXCELENTE CALIDAD DE,2155,0,
DOBLE CIRCULACION,1716,0,
SITUADO,3842,0,
1100,20,0,
SUBSUELOS,3901,0,
EDIFICIOS,1814,0,
VEHICULAR,4221,0,
ESTOS,2139,0,
RESERVA,3672,0,
DE VIVIENDA,1534,0,
EDIFICIO SE,1813,0,
DEPARTAMENTOS EN,1626,0,
UNA SUPERFICIE,4176,0,
CADA UNO,605,0,
UNA TERRAZA,4177,1,TERRAZA
ENTRE LOS,2034,0,
EL BARRIO DE,1825,0,
EL EDIFICIO SE,1841,0,
CON UNA SUPERFICIE,1068,0,
FLORES,2229,0,
AMBIENTES MUY,311,0,
PRINCIPALES,3514,0,
SEGURIDAD 24HS,3785,1,SEGURIDAD 24HS
160,36,0,
REALIZAR,3638,0,
LOS BARRIOS,2807,0,
LA MEJOR,2621,0,
CORRIDO AL,1166,0,
EN LA MEJOR,1948,0,
BALCON CORRIDO AL,503,0,
EN INMEJORABLE,1945,0,
UN EDIFICIO,4142,0,
DE COCHERAS,1319,0,
NO SON,3097,0,
TENER TU,3986,0,
LA VENTA EN,2658,0,
UN EDIFICIO DE,4143,0,
M2 CON,2860,0,
SOLARIUM PARRILLA,3864,0,
AMBIENTES AL FRENTE,297,0,
DORMITORIO PRINCIPAL CON,1742,0,
EN EXCELENTE UBICACION,1942,0,
ESTAR CON,2125,0,
TOTALMENTE EQUIPADA,4067,0,
CON QUINCHO,1043,0,
DOS DE,1782,0,
CANCHA DE,644,0,
DE FUTBOL,1376,0,
DE TENIS,1499,0,
CANCHA DE FUTBOL,645,1,CANCHA DE FUTBOL
CANCHAS DE TENIS,649,1,CANCHA DE TENIS
CAPACIDAD,655,0,
TERCER DORMITORIO,3989,0,
COCHERA DESCUBIERTA,767,0,
DEPARTAMENTO DE UN,1605,0,
COUNTRY,1178,0,
PROPIETARIOS,3557,0,
EN SAN,1980,0,
LOTE INTERNO,2835,0,
EN SUS,1987,0,
SE DESTACA,3753,0,
DE TIGRE,1502,0,
SANTA MARIA,3745,0,
SOBRE LA CALLE,3851,0,
PALERMO,3198,0,
GUEMES,2345,0,
PUBLICACION,3567,0,
INFORMATIVO,2466,0,
PUES,3592,0,
CUMPLIMENTE,1237,0,
OBTENCION,3137,0,
NUMERO,3125,0,
CORRESPONDIENTE,1161,0,
SUCURSAL,3904,0,
CUADRA DEL,1194,0,
ES SOLO,2067,0,
SOLO TITULO,3871,0,
TITULO INFORMATIVO,4026,0,
INFORMATIVO PUES,2467,0,
PUES LA,3593,0,
PROPIETARIO CUMPLIMENTE,3552,0,
LA OBTENCION,2628,0,
OBTENCION DEL,3138,0,
DE COTI,1332,0,
INTEGRADA BANO COMPLETO,2524,0,
ES SOLO TITULO,2068,0,
SOLO TITULO INFORMATIVO,3872,0,
TITULO INFORMATIVO PUES,4027,0,
INFORMATIVO PUES LA,2468,0,
PUES LA VENTA,3594,0,
VENTA DE LA,4239,0,
PROPIEDAD ESTA SUPEDITADA,3533,0,
LA OBTENCION DEL,2629,0,
CONSTRUIDA EN,1115,0,
SOBRE BAJO,3846,0,
HABITACIONES CON,2355,0,
INTERIOR DE,2532,0,
SOBRE BAJO MESADA,3847,0,
SPA,3887,0,
BANOS EN,547,0,
CORAZON,1149,0,
BICICLETAS,566,0,
PUERTO MADERO,3591,0,
RECEPCION LIVING,3645,0,
DE RECEPCION LIVING,1482,0,
RECEPCION LIVING COMEDOR,3646,0,
COMEDOR CON BALCON,856,0,
BANO COMPLETO TOILETTE,530,0,
AVENIDAS,453,0,
TORRES,4062,0,
MUY CERCA,3052,0,
RECOLETA,3652,0,
DR,1793,0,
DOLARES,1723,0,
EN RECOLETA,1979,0,
DE PALERMO,1452,0,
LA LINEA,2619,0,
UBICACION EN,4108,0,
MASCHWITZ,2906,0,
LIVING AMPLIO,2760,0,
FECHA,2206,0,
PLANTAS SOBRE,3397,0,
FECHA DE,2207,0,
FECHA DE ENTREGA,2208,0,
BV,595,0,
CASA CUENTA,677,0,
CONSULTAR POR,1121,0,
LA CASA CUENTA,2591,0,
CASA CUENTA CON,678,0,
220,56,0,
PERMANENTE,3297,0,
CRESPO,1185,0,
AMBIENTES DORMITORIOS,304,0,
METROBUS,2967,0,
1200,23,0,
21,52,0,
MENDOZA,2948,0,
2000,47,0,
LANUS,2670,0,
MEJOR ZONA,2943,0,
LOS MEDIOS,2818,0,
PB HALL DE,3281,0,
LA MEJOR ZONA,2622,0,
MEJOR ZONA DE,2944,0,
LOS MEDIOS DE,2819,0,
LOZA,2838,0,
DEPARTAMENTO AL,1588,0,
INDIVIDUAL POR,2454,0,
ASCENSORES DE,423,0,
CASTELAR,697,0,
DE ESTACION,1363,0,
COCINA INDEPENDIENTE,810,0,
URQUIZA,4202,0,
EXCELENTE DEPARTAMENTO DE,2160,0,
COMPLEJO CUENTA,895,0,
COMPLEJO CUENTA CON,896,0,
YRIGOYEN,4330,0,
ALTURA CON,280,0,
COMPLETO LAVADERO,911,0,
BANO COMPLETO LAVADERO,529,0,
MUELLE,3033,0,
COMPLETOS CON,915,0,
QUE DA,3607,0,
PROPIO DE,3559,0,
LINK,2754,0,
HTTP,2407,0,
EXCLUSIVAS,2173,0,
PREVISTA,3498,0,
BOLETO,574,0,
DEPARTAMENTO ARGENTINA,1594,0,
ARGENTINA BUENOS,400,0,
SEMIPISO DE,3795,0,
DE DUCHA,1352,0,
CON VENTANA,1071,0,
AL BOLETO,228,0,
EN DOLARES,1922,0,
EL SALDO,1871,0,
LOS AMENITIES,2806,0,
LA TERRAZA,2651,0,
VENTA DEPARTAMENTO ARGENTINA,4242,0,
ARGENTINA BUENOS AIRES,401,0,
EN LA TERRAZA,1950,0,
VALORES,4212,0,
LOS VALORES,2828,0,
BANOS UNO,548,0,
CMCPSI MAT,761,0,
MTS CON,3017,0,
1400,28,0,
DEPARTAMENTO AMB,1589,0,
COCINA COMEDOR LAVADERO,793,0,
CASA AMBIENTES,674,0,
EXCLUSIVA,2170,0,
COCINA TOTALMENTE,821,0,
TOTALMENTE RECICLADO,4069,0,
PROPIEDADES EN,3543,0,
EQUIPADA CON MUEBLES,2045,0,
SOCIAL,3858,0,
DISPONIBILIDAD,1701,0,
AL ESTE,239,0,
AMBIENTE EN,294,0,
EL SECTOR,1872,0,
DETALLES EN,1677,0,
CERRADA,729,0,
4TO,128,0,
MUY BUENA UBICACION,3048,0,
DE COCINA DE,1322,0,
EXCELENTE CALIDAD CONSTRUCTIVA,2154,0,
VISITA,4299,0,
POR UN,3449,0,
ESTE AVISO,2128,0,
COMEDOR MUY,872,0,
LIVING COMEDOR MUY,2773,0,
CHACABUCO,735,0,
DE TODO,1503,0,
MIGUEL,2976,0,
45,119,0,
NIVELES,3078,0,
HORNALLAS,2398,0,
FRENTES,2262,0,
MOLDURAS,3004,0,
LATEX,2708,0,
EQUIPADO CON,2048,0,
COCINA BAJO,785,0,
DE MELAMINA,1441,0,
CON BACHA DE,938,0,
BACHA DE ACERO,471,0,
COCINA EQUIPADA,808,0,
CASA AL,672,0,
PISO RADIANTE,3344,0,
PISOS DE PORCELLANATO,3354,1,PISOS DE PORCELANATTO
POR PISO RADIANTE,3440,0,
NRO,3114,0,
NORMATIVA,3105,0,
2439,73,0,
SAN FERNANDO,3731,0,
LA NORMATIVA,2626,0,
NORMATIVA VIGENTE,3106,0,
AFIP 2371,201,0,
2371 08,60,0,
08 2439,11,0,
2439 08,74,0,
CON LA NORMATIVA,996,0,
LA NORMATIVA VIGENTE,2627,0,
NORMATIVA VIGENTE RES,3107,0,
RES AFIP 2371,3671,0,
AFIP 2371 08,202,0,
2371 08 2439,61,0,
08 2439 08,12,0,
2439 08 CCS,75,0,
ACTUALIZADOS,192,0,
INSTALADA,2518,0,
CON DESAYUNADOR,967,0,
REAL,3631,0,
DIARIO LAVADERO,1683,0,
COMEDOR DIARIO LAVADERO,865,0,
LOS DOS,2813,0,
PILETA CON,3318,0,
GOO,2313,0,
GL,2309,0,
HTTPS GOO,2409,0,
GOO GL,2314,0,
HTTPS GOO GL,2410,0,
BANCO,514,0,
CUBIERTA CON,1216,0,
DE NORDELTA,1444,0,
DEPARTAMENTOS POR,1628,0,
EN TOTAL,1998,0,
AMPLIA CON,327,0,
DEPARTAMENTOS POR PISO,1629,0,
COMUNICA,925,0,
CON RIEGO,1047,0,
CON ALACENAS,931,0,
SEMIPISOS,3796,0,
PREPARADA PARA,3487,0,
24 CUOTAS,67,0,
PRINCIPAL CON BANO,3509,0,
VESTIDORES,4270,0,
AMPLIA COCINA CON,326,0,
UN DORMITORIO EN,4141,0,
POZO,3471,0,
CIENCIAS,746,0,
CONSTRUCTORA,1113,0,
EN POZO,1976,0,
DE CIENCIAS,1317,0,
FERRUM SIMILAR,2216,0,
SALDO EN,3718,0,
SEPTIEMBRE,3800,0,
MORENO,3014,0,
ANTEBANO,367,0,
IMPUESTOS,2433,0,
DE SEPTIEMBRE,1486,0,
DEPARTAMENTOS CON,1622,0,
SRL,3893,0,
COMPRA,916,0,
COCHERAS EN,778,0,
NO APTO CREDITO,3085,0,
CRISTIAN,1186,0,
AYSA,465,0,
OCTUBRE,3142,0,
VENTA DEPARTAMENTO AMBIENTES,4241,0,
LEGAL,2726,0,
DESCRIPCIONES,1658,0,
ARQUITECTONICAS,403,0,
PROPORCIONADOS,3561,0,
VISUALIZACION,4317,0,
ARROJAR,406,0,
INEXACTITUDES,2458,0,
DISCORDANCIAS,1694,0,
FACTURAS,2192,0,
TITULOS,4028,0,
LEGALES,2729,0,
INTERESADO,2528,0,
DEBERA,1540,0,
VERIFICACIONES,4263,0,
PREVIAMENTE,3491,0,
REALIZACION,3635,0,
OPERACION,3159,0,
REQUIRIENDO,3663,0,
COPIAS,1146,0,
NECESARIAS,3069,0,
PEDIDO,3285,0,
DEPARTAMENTO AMBIENTE,1590,0,
VILLA CRESPO,4291,0,
AVISO LEGAL,459,0,
LEGAL LAS,2727,0,
LAS DESCRIPCIONES,2684,0,
DESCRIPCIONES ARQUITECTONICAS,1659,0,
ARQUITECTONICAS FUNCIONALES,404,0,
FUNCIONALES VALORES,2277,0,
VALORES DE,4213,0,
DE EXPENSAS,1371,0,
EXPENSAS IMPUESTOS,2181,0,
IMPUESTOS SERVICIOS,2434,0,
SERVICIOS FOTOS,3819,0,
FOTOS MEDIDAS,2246,0,
INMUEBLE SON,2506,0,
DATOS FUERON,1253,0,
FUERON PROPORCIONADOS,2273,0,
PROPORCIONADOS POR,3562,0,
PROPIETARIO PUEDEN,3555,0,
PUEDEN NO,3581,0,
NO ESTAR,3093,0,
ESTAR ACTUALIZADOS,2120,0,
ACTUALIZADOS LA,193,0,
LA HORA,2613,0,
HORA DE,2394,0,
LA VISUALIZACION,2661,0,
VISUALIZACION DE,4318,0,
AVISO POR,461,0,
CUAL PUEDEN,1203,0,
PUEDEN ARROJAR,3579,0,
ARROJAR INEXACTITUDES,407,0,
INEXACTITUDES DISCORDANCIAS,2459,0,
DISCORDANCIAS CON,1695,0,
QUE SURGEN,3617,0,
LOS LAS,2814,0,
LAS FACTURAS,2687,0,
FACTURAS TITULOS,2193,0,
TITULOS PLANOS,4029,0,
PLANOS LEGALES,3377,0,
LEGALES DEL,2730,0,
EL INTERESADO,1847,0,
INTERESADO DEBERA,2529,0,
DEBERA REALIZAR,1541,0,
REALIZAR LAS,3639,0,
LAS VERIFICACIONES,2705,0,
VERIFICACIONES RESPECTIVAS,4264,0,
RESPECTIVAS PREVIAMENTE,3679,0,
PREVIAMENTE LA,3492,0,
LA REALIZACION,2646,0,
REALIZACION DE,3636,0,
CUALQUIER OPERACION,1208,0,
OPERACION REQUIRIENDO,3160,0,
REQUIRIENDO POR,3664,0,
POR SI,3444,0,
SI SUS,3824,0,
SUS PROFESIONALES,3953,0,
PROFESIONALES LAS,3524,0,
LAS COPIAS,2682,0,
COPIAS NECESARIAS,1147,0,
NECESARIAS DE,3070,0,
LA DOCUMENTACION,2601,0,
DOCUMENTACION QUE,1721,0,
QUE CORRESPONDA,3603,0,
CORRESPONDA VENTA,1159,0,
VENTA SUPEDITADA,4246,0,
AFIP PEDIDO,203,0,
PEDIDO DE,3286,0,
AVISO LEGAL LAS,460,0,
LEGAL LAS DESCRIPCIONES,2728,0,
LAS DESCRIPCIONES ARQUITECTONICAS,2685,0,
DESCRIPCIONES ARQUITECTONICAS FUNCIONALES,1660,0,
ARQUITECTONICAS FUNCIONALES VALORES,405,0,
FUNCIONALES VALORES DE,2278,0,
VALORES DE EXPENSAS,4214,0,
DE EXPENSAS IMPUESTOS,1372,0,
EXPENSAS IMPUESTOS SERVICIOS,2182,0,
IMPUESTOS SERVICIOS FOTOS,2435,0,
SERVICIOS FOTOS MEDIDAS,3820,0,
FOTOS MEDIDAS DE,2247,0,
MEDIDAS DE ESTE,2930,0,
ESTE INMUEBLE SON,2133,0,
INMUEBLE SON APROXIMADOS,2507,0,
APROXIMADOS LOS DATOS,383,0,
LOS DATOS FUERON,2810,0,
DATOS FUERON PROPORCIONADOS,1254,0,
FUERON PROPORCIONADOS POR,2274,0,
PROPORCIONADOS POR EL,3563,0,
EL PROPIETARIO PUEDEN,1868,0,
PROPIETARIO PUEDEN NO,3556,0,
PUEDEN NO ESTAR,3582,0,
NO ESTAR ACTUALIZADOS,3094,0,
ESTAR ACTUALIZADOS LA,2121,0,
ACTUALIZADOS LA HORA,194,0,
LA HORA DE,2614,0,
HORA DE LA,2395,0,
DE LA VISUALIZACION,1415,0,
LA VISUALIZACION DE,2662,0,
VISUALIZACION DE ESTE,4319,0,
DE ESTE AVISO,1366,0,
ESTE AVISO POR,2129,0,
AVISO POR LO,462,0,
POR LO CUAL,3431,0,
LO CUAL PUEDEN,2783,0,
CUAL PUEDEN ARROJAR,1204,0,
PUEDEN ARROJAR INEXACTITUDES,3580,0,
ARROJAR INEXACTITUDES DISCORDANCIAS,408,0,
INEXACTITUDES DISCORDANCIAS CON,2460,0,
DISCORDANCIAS CON LAS,1696,0,
CON LAS QUE,998,0,
LAS QUE SURGEN,2702,0,
QUE SURGEN DE,3618,0,
DE LOS LAS,1427,0,
LOS LAS FACTURAS,2815,0,
LAS FACTURAS TITULOS,2688,0,
FACTURAS TITULOS PLANOS,2194,0,
TITULOS PLANOS LEGALES,4030,0,
PLANOS LEGALES DEL,3378,0,
LEGALES DEL INMUEBLE,2731,0,
EL INTERESADO DEBERA,1848,0,
INTERESADO DEBERA REALIZAR,2530,0,
DEBERA REALIZAR LAS,1542,0,
REALIZAR LAS VERIFICACIONES,3640,0,
LAS VERIFICACIONES RESPECTIVAS,2706,0,
VERIFICACIONES RESPECTIVAS PREVIAMENTE,4265,0,
RESPECTIVAS PREVIAMENTE LA,3680,0,
PREVIAMENTE LA REALIZACION,3493,0,
LA REALIZACION DE,2647,0,
REALIZACION DE CUALQUIER,3637,0,
DE CUALQUIER OPERACION,1334,0,
CUALQUIER OPERACION REQUIRIENDO,1209,0,
OPERACION REQUIRIENDO POR,3161,0,
REQUIRIENDO POR SI,3665,0,
POR SI SUS,3445,0,
SI SUS PROFESIONALES,3825,0,
SUS PROFESIONALES LAS,3954,0,
PROFESIONALES LAS COPIAS,3525,0,
LAS COPIAS NECESARIAS,2683,0,
COPIAS NECESARIAS DE,1148,0,
NECESARIAS DE LA,3071,0,
DE LA DOCUMENTACION,1405,0,
LA DOCUMENTACION QUE,2602,0,
DOCUMENTACION QUE CORRESPONDA,1722,0,
QUE CORRESPONDA VENTA,3604,0,
CORRESPONDA VENTA SUPEDITADA,1160,0,
VENTA SUPEDITADA AL,4247,0,
LA AFIP PEDIDO,2584,0,
AFIP PEDIDO DE,204,0,
PEDIDO DE COTI,3287,0,
SAN JUAN,3733,0,
AL CENTRO,229,0,
DE ROSARIO,1483,0,
DE CASA,1309,0,
VENTA DE CASA,4235,0,
DE CASA AMBIENTES,1310,0,
CASA AMBIENTES EN,675,0,
PUERTAS AUTOMATICAS,3586,0,
POSESION INMEDIATA,3465,0,
PARA QUE,3226,0,
ELLAS,1884,0,
PRIVADOS,3517,0,
CON UNIDADES,1069,0,
ENTREGA INMEDIATA,2040,0,
EL CORAZON,1829,0,
CORAZON DE,1150,0,
EN EL CORAZON,1932,0,
EL CORAZON DE,1830,0,
MTS DE AV,3019,0,
ESTIMADA,2135,0,
SPLIT FRIO,3890,0,
CONTARA CON,1137,0,
COCHERAS OPTATIVAS,781,0,
EL EMPRENDIMIENTO,1842,0,
ENTREGA DICIEMBRE,2038,0,
SPLIT FRIO CALOR,3891,1,AIRE ACONDICIONADO
FRENTE CONTRAFRENTE,2257,0,
DE AV RIVADAVIA,1296,0,
LINEAS DE TRANSPORTE,2753,0,
CENTENARIO,707,0,
DEPARTAMENTO AMBIENTES CON,1592,0,
INGRESE,2471,0,
UN BARRIO,4136,0,
CODIGO DE PROPIEDAD,827,0,
CALIDAD CON,621,0,
AMPLIA COCINA COMEDOR,325,0,
DEPARTAMENTO DE DOS,1604,0,
CODIGO DE TRANSFERENCIA,828,0,
VICENTE,4277,0,
VICENTE LOPEZ,4278,0,
BAJO SOBRE,487,0,
SOBRE MESADA,3854,0,
BAJO SOBRE MESADA,488,0,
HIERRO,2385,0,
ES EL,2061,0,
DE HIERRO,1384,0,
VENTA EN EL,4245,0,
EL LIVING COMEDOR,1851,0,
SUJETAS,3918,0,
CON DEPARTAMENTOS,964,0,
EN TERRAZA,1988,0,
ASADORES,420,0,
BAHIA,472,0,
PRESENTE,3490,0,
LA PRESENTE,2639,0,
MERAMENTE,2951,0,
QUE PUEDE,3615,0,
LAS AVENIDAS,2679,0,
SURGEN DEL,3946,0,
SURGEN DEL TITULO,3947,0,
HOTEL,2403,0,
AVANZADO,449,0,
RADIANTE CON,3625,0,
CANCHA DE TENIS,646,1,CANCHA DE TENIS
EL DORMITORIO PRINCIPAL,1838,0,
LAGOS,2668,0,
SALIDA AL JARDIN,3722,0,
TIPO DUPLEX,4017,0,
DE LOS AMBIENTES,1426,0,
INDEPENDIENTE CON,2445,0,
ILUSTRATIVOS,2423,0,
DE PLACARES,1460,0,
LANZAMIENTO,2671,0,
LA INFORMACION,2615,0,
CASA DESARROLLADA,682,0,
CON PARRILLERO,1016,0,
CASA DESARROLLADA EN,683,0,
BALCON DE,504,0,
FRANCISCO,2251,0,
DE POZO,1468,0,
GARCIA,2296,0,
TELEFONOS,3982,0,
DEPARTAMENTO MONOAMBIENTE,1612,0,
PLAYA,3401,0,
UNA CASA,4166,0,
CUENTA CON DOS,1230,0,
VENTA DEPTO,4243,0,
EN PALERMO,1963,0,
DORMITORIOS CON BANO,1752,0,
EL INDICE,1845,0,
CI,743,0,
INCLUYEN,2439,0,
CI MAT,744,0,
AV CABILDO,440,0,
CIERRE,747,0,
PELLEGRINI,3288,0,
CRUZADA,1188,0,
ORONO,3178,0,
VENTILACION CRUZADA,4257,0,
DEL PARQUE,1574,0,
AV PELLEGRINI,444,0,
MONOAMBIENTE EN,3010,0,
MARTINEZ,2900,0,
SU UBICACION,3897,0,
DOBLE VIDRIADO,1717,0,
TOTALMENTE EQUIPADO,4068,0,
ASCENSORES DE ULTIMA,424,0,
VISTA AL RIO,4310,0,
LADRILLOS,2666,0,
NUMEROSAS,3126,0,
PERLA,3296,0,
DESARROLLA EN,1648,0,
DE UNO,1521,0,
CON BALCONES,946,0,
SE DESARROLLA EN,3752,0,
VILLA URQUIZA,4293,0,
CON SUM,1056,0,
TRIPLEX,4102,1,TRIPLEX
CRECIMIENTO,1179,0,
DISTRIBUIDOS,1708,0,
EMPOTRADOS,1892,0,
RECIBIR,3647,0,
MODENA,2991,0,
BALCONES CON,512,0,
HOJAS DE,2391,0,
GENERAL PAZ,2305,0,
EN CUOTAS,1918,1,FINANCIACION
CON UNIDADES DE,1070,0,
DE ALUMINIO ANODIZADO,1279,0,
UNIDADES EN,4187,0,
BARANDAS,551,0,
LLAMANOS,2778,0,
DEL COMPLEJO,1561,0,
BARANDAS DE,552,0,
PAREDES DE,3238,0,
PUNTOS,3598,0,
POSEEN,3463,0,
FONDO DE,2236,0,
CON COCHERA EN,957,0,
VIAS,4276,0,
TOMAS,4059,0,
INCLUIDO,2437,0,
CASA ESTILO,688,0,
CON DEPENDENCIAS,966,0,
CASA LA,690,0,
BAJA HALL,476,0,
PLANTA BAJA HALL,3388,0,
BAJA HALL DE,477,0,
JOHNSON,2566,0,
LORENZO,2799,0,
SAN LORENZO,3734,0,
PPAL,3472,0,
PARA TV,3227,0,
DE CON,1325,0,
COMODIDAD,885,0,
MONO AMBIENTE,3007,0,
PARANA,3234,0,
JUNTO,2576,0,
QUE NO,3614,0,
UNO DOS,4197,0,
DE UNO DOS,1522,0,
DISTRIBUIDOS EN,1709,0,
DEPARTAMENTO TIPO,1617,0,
BAULERA EN,562,0,
ACONDICIONADO SPLIT,190,0,
AIRE ACONDICIONADO SPLIT,220,0,
DE LAS EXPENSAS,1419,0,
EQUIPADAS,2046,0,
OBTENER,3139,0,
EN TORRE,1997,0,
PATRICIOS,3277,0,
LA LAGUNA,2617,0,
TIPOLOGIAS,4020,0,
AZOTEA,466,0,
FRIA,2265,0,
AGUA FRIA,214,0,
FRIA CALIENTE,2266,0,
PUERTAS INTERIORES,3589,0,
TIPO SPLIT,4018,0,
PORCELANATO DE,3452,0,
CALEFACCION POR PISO,615,0,
AGUA FRIA CALIENTE,215,0,
ESTIMADAS,2136,0,
CABINA,599,0,
COMPRAR,917,0,
UNIDAD DE,4183,0,
ENTREGA CON,2037,0,
SE ENTREGA CON,3761,0,
DEPARTAMENTO LA,1611,0,
CONTAMOS CON,1135,0,
EL MAS,1852,0,
MELANINA,2947,0,
FRENTES DE,2263,0,
FRENTES DE PLACARD,2264,0,
AMENITIES DE,315,0,
SPLIT EN,3889,0,
PASOS,3267,0,
PASOS DE,3268,0,
NUMEROSOS,3127,0,
PERSONAL,3303,0,
RODRIGUEZ,3704,0,
PRIMER NIVEL,3500,0,
DE PRIMER NIVEL,1470,0,
ANAFE ELECTRICO,355,0,
BALCON BANO COMPLETO,498,0,
CON MUEBLE BAJO,1006,0,
DE CADA,1304,0,
AMB AL,287,0,
CASA DE DORMITORIOS,681,0,
INDUSTRIA,2456,0,
CASA DORMITORIOS,684,0,
31,92,0,
CRISTOBAL,1187,0,
SUCURSALES,3905,0,
MUEBLES BAJO SOBRE,3029,0,
ENCONTRAR,2013,0,
NUESTRAS,3118,0,
BARRIO NORTE,558,0,
ITUZAINGO,2555,0,
CALEFACCION POR TIRO,617,0,
AVELLANEDA,451,0,
BOEDO,573,0,
MODIFICACION,2995,0,
INDICADOS,2447,0,
PARCIALES,3235,0,
QUE LOS,3613,0,
MORON,3015,0,
WHATSAPP,4326,0,
54 11,137,0,
DE ESTA PROPIEDAD,1362,0,
EDIFICIO DE PISOS,1811,0,
M2 APROX,2859,0,
PISO DE PORCELANATO,3339,0,
FACHADA,2189,0,
MATANZA,2913,0,
LA MATANZA,2620,0,
EMPRESA,1894,0,
CON PISOS CERAMICOS,1025,0,
GRIFERIA MONOCOMANDO,2337,0,
ESTA SUJETO,2103,0,
SUJETO VERIFICACION,3920,0,
ESTA SUJETO VERIFICACION,2104,0,
PH EN VENTA,3312,0,
PUBLICADAS,3568,0,
SABADOS,3711,0,
TERMINAL,3994,0,
MACROCENTRO,2866,0,
UN DORMITORIO COCINA,4139,0,
ESPANA,2088,0,
LOCAL EN VENTA,2789,0,
LUCILA,2840,0,
QUE CUENTA,3605,0,
QUE CUENTA CON,3606,0,
EN AV,1899,0,
CREDITO POR,1183,0,
APTO CREDITO POR,390,0,
INVITAMOS,2551,0,
PORTERO ELECTRICO,3456,0,
CARPINTERIA DE ALUMINIO,668,0,
CASTRO,698,0,
LIBRE DE,2742,0,
MARTILLERO CORREDOR,2895,0,
OPCIONES,3158,0,
MENSUALES,2950,0,
PARQUE DE,3241,0,
EL PRESENTE,1862,0,
LINK HTTPS,2755,0,
UBICADO EN UN,4120,0,
RECREACION,3653,0,
ESTAN SUJETOS,2118,0,
MODIFICACION SIN,2996,0,
MODIFICACION SIN PREVIO,2997,0,
OMNIBUS,3154,0,
TERMINAL DE,3995,0,
DE OMNIBUS,1448,0,
LOBBY,2785,0,
LINEA DE,2747,0,
EN MELAMINA,1959,0,
DEPARTAMENTOS EN VENTA,1627,0,
COCINA CON MESADA,803,0,
CONSTITUCION,1105,0,
ECHESORTU,1804,0,
ES LA,2064,0,
ALUMINIO DE,284,0,
SERGIO,3808,0,
MIRADOR,2981,0,
DE AMENITIES,1288,0,
COCINA COMPLETOS,797,0,
CONOCER,1096,0,
LINEA MODENA,2748,0,
COMO EL,883,0,
DEPTO AMB,1642,0,
CALEFACTOR,618,0,
SURGIRAN DE,3949,0,
LA DIRECCION,2599,0,
ESPARCIMIENTO,2089,0,
ESTAS,2126,0,
15 15,30,0,
BUSQUEDA,591,0,
BUSQUEDA DE,592,0,
TIEMPO,4008,0,
DE COCINA COMPLETOS,1321,0,
FIRMA,2228,0,
INICIO,2476,0,
FLORIDA,2230,0,
ESTUDIOS,2147,0,
LOS QUE,2824,0,
COMERCIAL EN,877,0,
OF,3144,0,
EXCLUSIVA DE,2171,0,
SOHO,3859,0,
JURIDICO,2577,0,
DEPARTAMENTO PALERMO,1615,0,
AS ZONA,417,0,
BS AS ZONA,580,0,
EL SIGUIENTE,1874,0,
SIGUIENTE LINK,3828,0,
EL SIGUIENTE LINK,1875,0,
FAVOR,2201,0,
ROTATIVAS,3708,0,
SAN MIGUEL,3737,0,
DIRECCION DE,1690,0,
FINANCIADOS,2226,0,
SON ESTIMADAS,3879,0,
AS ZONA NORTE,418,0,
LA EMPRESA,2603,0,
EST,2096,0,
DIC,1684,0,
PRE VENTA,3475,0,
SECCION,3771,0,
LOS VALORES DE,2829,0,
VINCULANTES,4298,0,
POR FAVOR,3426,0,
VEZ DE,4274,0,
CON PLANTAS,1036,0,
CON PLANTAS EN,1037,0,
PROCESO,3519,0,
PROCESO DE,3520,0,
ESTA PROPIEDAD NO,2100,0,
CASA AMB,673,0,
MAIPU,2873,0,
PERTINENTE,3305,0,
AMPLIOS BALCONES,349,0,
PARA OBTENER,3224,0,
000 DEPARTAMENTO,4,0,
000 DEPARTAMENTO EN,5,0,
DE PROPIEDADES,1477,0,
EXPENSAS PUEDEN,2183,0,
PLANOS NO,3379,0,
PARQUE PATRICIOS,3242,0,
HOLLYWOOD,2392,0,
PALERMO HOLLYWOOD,3199,0,
ES EXCLUSIVA,2062,0,
CONSIGNADAS,1098,0,
SON VINCULANTES,3885,0,
INICIO DE,2477,0,
INICIO DE OBRA,2478,0,
4600,121,0,
ADROGUE,199,0,
BUSTAMANTE,594,0,
AVISO LA,455,0,
LA DIRECCION DE,2600,0,
DIRECCION DE OBRA,1691,0,
FECHAS,2209,0,
FECHAS DE,2210,0,
DE INMUEBLE,1389,0,
POSESION SON,3466,0,
VISUALGESTION,4316,0,
DE VISUALGESTION,1533,0,
TRAVES DE VISUALGESTION,4094,0,
MODIFICARSE,3001,0,
426,114,0,
LOS PRECIOS,2822,0,
EN EL SIGUIENTE,1935,0,
SIGUIENTE LINK HTTPS,3829,0,
JURIDICO INMOBILIARIO,2578,0,
TAMPOCO,3965,0,
15 MAIL,31,0,
CUMPLIMENTAR,1236,0,
PROPIEDADESESTUDIO,3548,0,
PROPIEDADESESTUDIO JURIDICO,3549,0,
PROPIEDADESESTUDIO JURIDICO INMOBILIARIO,3550,0,
OBTENER MAS,3140,0,
PARA OBTENER MAS,3225,0,
OBTENER MAS INFORMACION,3141,0,
703,150,0,
ORGANISMOS,3168,0,
000 CASA,2,0,
MODIFICARSE SIN,3002,0,
MODIFICARSE SIN PREVIO,3003,0,
PREVIO AVISO LA,3496,0,
DETALLADA,1670,0,
DE INICIO,1387,0,
INFORMACION FOTOS,2464,0,
MAS INFORMACION FOTOS,2905,0,
PODRAN MODIFICARSE,3415,0,
PODRAN MODIFICARSE SIN,3416,0,
DE INICIO DE,1388,0,
DEPARTAMENTO CENTRO,1595,0,
INMUEBLE LOS,2502,0,
PRECIOS INDICADOS,3483,0,
INDICADOS PODRAN,2448,0,
DEL INMUEBLE LOS,1567,0,
INMUEBLE LOS PRECIOS,2503,0,
LOS PRECIOS INDICADOS,2823,0,
PRECIOS INDICADOS PODRAN,3484,0,
INDICADOS PODRAN MODIFICARSE,2449,0,
SU VEZ DE,3899,0,
PROPIEDADES APTO,3539,0,
PROPIEDADES APTO CREDITO,3540,0,
LLAMENOS AL,2780,0,
SECCION EN,3772,0,
FOTOS PLANOS,2248,0,
UN PROCESO,4155,0,
INGRESE NUESTRA,2472,0,
CMCPSI MAT NO,762,0,
POR LA DIRECCION,3429,0,
INFORMACION DETALLADA,2462,0,
000 CASA EN,3,0,
BUSQUEDA DE PROPIEDADES,593,0,
VEZ DE UN,4275,0,
DEPARTAMENTO NUEVA,1613,0,
PRESENTA DEPARTAMENTOS,3489,0,
54 351,138,0,
PLANOS NO DUDE,3380,0,
UN PROCESO DE,4156,0,
OBRA POSESION,3135,0,
DE OBRA POSESION,1447,0,
PROPIEDADES ES,3544,0,
REPROGRAMADAS,3660,0,
DEPENDERAN,1637,0,
APROBACIONES,371,0,
INTERVINIENTES,2542,0,
LA FECHAS,2608,0,
ESTIMADAS PODRAN,2137,0,
SER REPROGRAMADAS,3804,0,
REPROGRAMADAS POR,3661,0,
OBRA DEPENDERAN,3133,0,
DEPENDERAN SU,1638,0,
DE APROBACIONES,1290,0,
APROBACIONES MUNICIPALES,372,0,
MUNICIPALES OTROS,3037,0,
OTROS ORGANISMOS,3187,0,
ORGANISMOS INTERVINIENTES,3169,0,
INTERVINIENTES EL,2543,0,
AVISO LA FECHAS,456,0,
LA FECHAS DE,2609,0,
FECHAS DE INICIO,2211,0,
OBRA POSESION SON,3136,0,
POSESION SON ESTIMADAS,3467,0,
SON ESTIMADAS PODRAN,3880,0,
ESTIMADAS PODRAN SER,2138,0,
PODRAN SER REPROGRAMADAS,3418,0,
SER REPROGRAMADAS POR,3805,0,
REPROGRAMADAS POR LA,3662,0,
DE OBRA DEPENDERAN,1446,0,
OBRA DEPENDERAN SU,3134,0,
DEPENDERAN SU VEZ,1639,0,
DE UN PROCESO,1518,0,
PROCESO DE APROBACIONES,3521,0,
DE APROBACIONES MUNICIPALES,1291,0,
APROBACIONES MUNICIPALES OTROS,373,0,
MUNICIPALES OTROS ORGANISMOS,3038,0,
OTROS ORGANISMOS INTERVINIENTES,3188,0,
ORGANISMOS INTERVINIENTES EL,3170,0,
INTERVINIENTES EL INTERESADO,2544,0,
8HT9DDLA,160,0,
TAIANA,3958,0,
SUSCEPTIBLE,3955,0,
GRAFICOS,2316,0,
ATEL,428,0,
4607513,124,0,
FAVOR INGRESE,2202,0,
NUESTRA SECCION,3116,0,
GL 8HT9DDLA,2310,0,
8HT9DDLA INFORMACION,161,0,
DETALLADA ES,1671,0,
DE TAIANA,1494,0,
TAIANA PROPIEDADES,3959,0,
ES SUSCEPTIBLE,2069,0,
SUSCEPTIBLE MODIFICACION,3956,0,
FOTOS GRAFICOS,2244,0,
GRAFICOS SON,2317,0,
SON ILUSTRATIVOS,3881,0,
ILUSTRATIVOS PARA,2424,0,
CONTACTARNOS TAIANA,1130,0,
TAIANA PROPIEDADESESTUDIO,3961,0,
INMOBILIARIO SRL,2491,0,
SRL SAN,3894,0,
LORENZO 426,2800,0,
426 OF,115,0,
OF ATEL,3145,0,
ATEL 54,429,0,
351 4600,101,0,
4600 703,122,0,
703 4607513,151,0,
DE PROPIEDADES APTO,1478,0,
CREDITO POR FAVOR,1184,0,
POR FAVOR INGRESE,3427,0,
FAVOR INGRESE NUESTRA,2203,0,
INGRESE NUESTRA SECCION,2473,0,
NUESTRA SECCION EN,3117,0,
SECCION EN EL,3773,0,
LINK HTTPS GOO,2756,0,
GOO GL 8HT9DDLA,2315,0,
GL 8HT9DDLA INFORMACION,2311,0,
8HT9DDLA INFORMACION DETALLADA,162,0,
INFORMACION DETALLADA ES,2463,0,
DETALLADA ES EXCLUSIVA,1672,0,
ES EXCLUSIVA DE,2063,0,
EXCLUSIVA DE TAIANA,2172,0,
DE TAIANA PROPIEDADES,1495,0,
TAIANA PROPIEDADES ES,3960,0,
PROPIEDADES ES SUSCEPTIBLE,3545,0,
ES SUSCEPTIBLE MODIFICACION,2070,0,
SUSCEPTIBLE MODIFICACION SIN,3957,0,
LAS FOTOS GRAFICOS,2690,0,
FOTOS GRAFICOS SON,2245,0,
GRAFICOS SON ILUSTRATIVOS,2318,0,
SON ILUSTRATIVOS PARA,3882,0,
ILUSTRATIVOS PARA OBTENER,2425,0,
INFORMACION FOTOS PLANOS,2465,0,
FOTOS PLANOS NO,2249,0,
EN CONTACTARNOS TAIANA,1914,0,
CONTACTARNOS TAIANA PROPIEDADESESTUDIO,1131,0,
TAIANA PROPIEDADESESTUDIO JURIDICO,3962,0,
JURIDICO INMOBILIARIO SRL,2579,0,
INMOBILIARIO SRL SAN,2492,0,
SRL SAN LORENZO,3895,0,
SAN LORENZO 426,3735,0,
LORENZO 426 OF,2801,0,
426 OF ATEL,116,0,
OF ATEL 54,3146,0,
ATEL 54 351,430,0,
54 351 4600,139,0,
351 4600 703,102,0,
4600 703 4607513,123,0,
DEPARTAMENTO VILLA,1620,0,
VILLELLA,4295,0,
SERGIO VILLELLA,3809,0,
VILLELLA INMOBILIARIA,4296,0,
INMOBILIARIA PRESENTA,2483,0,
SERGIO VILLELLA INMOBILIARIA,3810,0,
VILLELLA INMOBILIARIA PRESENTA,4297,0,
INMOBILIARIA PRESENTA DEPARTAMENTOS,2484,0,
IGARZABAL,2416,0,
3154,93,0,
IGARZABAL CMCPSI,2417,0,
NO 3154,3082,0,
3154 DIC,94,0,
DIC PROPIEDADES,1685,0,
IGARZABAL CMCPSI MAT,2418,0,
MAT NO 3154,2912,0,
NO 3154 DIC,3083,0,
3154 DIC PROPIEDADES,95,0,
ANDREU,357,0,
DEPARTAMENTO NUEVA CORDOBA,1614,0,
